cumulative_wall_seconds,epoch,epoch_wall_seconds,global_step,lr,train_loss_momentum_per_molecule,train_loss_momentum_per_molecule_weighted,train_neg_dy_mse_loss,train_neg_dy_weight,train_total_mse_loss,train_total_with_momentum,train_y_mse_loss,train_y_weight,val_checkpoint_score,val_neg_dy_l1_loss,val_neg_dy_mse_loss,val_total_l1_loss,val_total_mse_loss,val_y_l1_loss,val_y_mse_loss
1063.7066063862294,0.0,1063.7066063862294,80,9.999999747378752e-05,459.6853332519531,4.596856594085693,65.14374542236328,0.949999988079071,40580004.0,40580008.0,811598848.0,0.05000000074505806,32541412.0,7.313642978668213,78.58894348144531,1282.5120849609375,32541414.0,25511.28125,650826752.0
1586.805668162182,1.0,523.0990617759526,120,9.999999747378752e-05,558.1803588867188,5.5818023681640625,74.24247741699219,0.949999988079071,22742382.0,22742388.0,454846176.0,0.05000000074505806,12344211.0,7.147205829620361,79.98908996582031,792.4122924804688,12344212.0,15712.44921875,246882704.0
2107.8589619789273,2.0,521.0532938167453,160,9.999999747378752e-05,692.95556640625,6.9295525550842285,92.45849609375,0.949999988079071,5102801.0,5102806.0,102054264.0,0.05000000074505806,148635.03125,7.455105304718018,87.9446792602539,93.24976348876953,148635.015625,1723.3482666015625,2971029.75
2641.608376521617,3.0,533.7494145426899,200,9.999999747378752e-05,890.8309326171875,8.908320426940918,139.3460235595703,0.949999988079071,12571.7314453125,12580.650390625,248787.046875,0.05000000074505806,8624.5634765625,6.242604732513428,64.1971435546875,26.568681716918945,8624.5625,412.76409912109375,171271.515625
3169.354160442017,4.0,527.7457839203998,240,9.999999747378752e-05,341.20355224609375,3.4120335578918457,44.263511657714844,0.949999988079071,641.2727661132812,644.684326171875,11984.447265625,0.05000000074505806,387.3033752441406,3.320539712905884,25.986217498779297,7.347805023193359,387.3033752441406,83.8658447265625,7252.3291015625
3683.3341715065762,5.0,513.9800110645592,280,9.999999747378752e-05,238.22113037109375,2.3822104930877686,22.910429000854492,0.949999988079071,394.50091552734375,396.8828125,7454.720703125,0.05000000074505806,24.744062423706055,2.728367805480957,17.94468879699707,3.0787901878356934,24.744060516357422,9.73681926727295,153.93214416503906
4212.504108472727,6.0,529.169936966151,320,9.999999747378752e-05,205.5526580810547,2.0555264949798584,18.8973331451416,0.949999988079071,774.0379638671875,776.0933227539062,15121.7080078125,0.05000000074505806,53.564002990722656,2.472074031829834,15.784140586853027,3.643585205078125,53.563995361328125,25.902294158935547,771.38134765625
4736.93207971286,7.0,524.427971240133,360,9.999999747378752e-05,198.4423370361328,1.984423041343689,17.119665145874023,0.949999988079071,222.80308532714844,224.7873992919922,4130.78759765625,0.05000000074505806,156.07994079589844,2.359583854675293,14.388313293457031,4.867752552032471,156.0799560546875,52.52295684814453,2848.220703125
5261.5667797308415,8.0,524.6347000179812,400,9.999999747378752e-05,191.41441345214844,1.914144515991211,18.582521438598633,0.949999988079071,243.46885681152344,245.38290405273438,4516.3095703125,0.05000000074505806,126.2408218383789,4.136317729949951,28.947998046875,5.959857940673828,126.24082946777344,40.607112884521484,1974.8045654296875
5780.133017892949,9.0,518.5662381621078,440,9.999999747378752e-05,167.5480499267578,1.6754781007766724,16.62516975402832,0.949999988079071,213.61624145507812,215.2917938232422,3956.44677734375,0.05000000074505806,30.7406005859375,2.1473560333251953,9.603272438049316,3.008237361907959,30.740602493286133,19.364974975585938,432.3498229980469
6308.996534589678,10.0,528.8635166967288,480,9.999999747378752e-05,114.15839385986328,1.1415821313858032,7.677978515625,0.949999988079071,176.721923828125,177.8634033203125,3388.556884765625,0.05000000074505806,60.3975830078125,1.32338547706604,5.6478190422058105,2.889503240585327,60.3975830078125,32.64574432373047,1100.64306640625
6837.075206284411,11.0,528.0786716947332,520,9.999999747378752e-05,102.01481628417969,1.0201482772827148,5.847219467163086,0.949999988079071,542.7841796875,543.80419921875,10744.5869140625,0.05000000074505806,1625.378662109375,1.2499855756759644,5.1509575843811035,10.183547019958496,1625.3785400390625,179.92120361328125,32409.703125
7366.544858030975,12.0,529.4696517465636,560,9.999999747378752e-05,99.37359619140625,0.9937359690666199,5.539957046508789,0.949999988079071,366.4060363769531,367.3994445800781,7222.86181640625,0.05000000074505806,270.7193908691406,1.2096480131149292,4.956758499145508,4.786402225494385,270.7193603515625,72.7447280883789,5320.208984375
7894.642995071597,13.0,528.0981370406225,600,9.999999747378752e-05,92.7644271850586,0.9276449680328369,4.908905506134033,0.949999988079071,211.14149475097656,212.06903076171875,4129.560546875,0.05000000074505806,945.745849609375,1.085914969444275,4.341114044189453,7.8895769119262695,945.745849609375,137.15914916992188,18832.435546875
8417.486936612055,14.0,522.8439415404573,640,9.999999747378752e-05,102.08058166503906,1.0208063125610352,6.797780990600586,0.949999988079071,280.8587341308594,281.87957763671875,5488.01708984375,0.05000000074505806,11.41541862487793,1.1575257778167725,4.0967116355896,1.5625653266906738,11.415417671203613,9.258316040039062,150.47085571289062
8949.236429542303,15.0,531.7494929302484,680,9.999999747378752e-05,144.53440856933594,1.445344090461731,11.532590866088867,0.949999988079071,507.1201477050781,508.5651550292969,9923.2841796875,0.05000000074505806,41.791534423828125,2.1863083839416504,8.576627731323242,3.241119861602783,41.791534423828125,23.28253936767578,672.874755859375
9479.925357540138,16.0,530.688927997835,720,9.999999747378752e-05,88.35668182373047,0.8835670351982117,5.31451940536499,0.949999988079071,161.10440063476562,161.98797607421875,3121.11181640625,0.05000000074505806,124.81301879882812,1.0672259330749512,3.848498821258545,3.461834192276001,124.81302642822266,48.959388732910156,2423.138916015625
10003.136822076514,17.0,523.2114645363763,760,9.999999747378752e-05,82.03861236572266,0.8203858733177185,3.6784074306488037,0.949999988079071,148.47640991210938,149.2967987060547,2899.63818359375,0.05000000074505806,29.878313064575195,1.000415325164795,3.6099693775177,2.070796489715576,29.878314971923828,22.408042907714844,528.9768676757812
10533.947716752067,18.0,530.8108946755528,800,9.999999747378752e-05,84.25326538085938,0.8425324559211731,3.6084563732147217,0.949999988079071,175.1010284423828,175.94357299804688,3433.4599609375,0.05000000074505806,11.227653503417969,0.9417192339897156,3.3579494953155518,1.4918092489242554,11.227653503417969,11.94351863861084,160.7520294189453
11050.90500582289,19.0,516.9572890708223,840,9.999999747378752e-05,73.20045471191406,0.7320045828819275,3.129596471786499,0.949999988079071,88.81879425048828,89.55082702636719,1716.9134521484375,0.05000000074505806,35.456634521484375,0.8938064575195312,3.0115089416503906,2.1100382804870605,35.45663070678711,25.218442916870117,651.9140014648438
11577.834866834804,20.0,526.9298610119149,880,9.999999747378752e-05,69.56829833984375,0.6956825852394104,2.7321202754974365,0.949999988079071,122.26606750488281,122.96170043945312,2393.4111328125,0.05000000074505806,385.208740234375,0.834597647190094,2.7921299934387207,5.162281513214111,385.2087097167969,87.38827514648438,7651.1240234375
12103.400698808022,21.0,525.5658319732174,920,9.999999747378752e-05,69.23876190185547,0.6923880577087402,2.6660492420196533,0.949999988079071,123.8529281616211,124.54537963867188,2426.40380859375,0.05000000074505806,501.33172607421875,1.2026113271713257,3.706434488296509,6.078938007354736,501.3317565917969,98.72914123535156,9956.2119140625
12628.049970638938,22.0,524.6492718309164,960,9.999999747378752e-05,94.54048156738281,0.9454041123390198,7.750975131988525,0.949999988079071,518.838134765625,519.7838745117188,10229.4931640625,0.05000000074505806,47.79253387451172,1.2630395889282227,4.35385274887085,2.4654455184936523,47.792537689208984,25.311161041259766,873.1275024414062
13152.31179352384,23.0,524.2618228849024,1000,9.999999747378752e-05,76.76139068603516,0.7676138281822205,3.466449737548828,0.949999988079071,474.1097412109375,474.8773498535156,9416.33203125,0.05000000074505806,649.7825317382812,0.9071641564369202,2.999807119369507,6.54529333114624,649.7825317382812,113.66973114013672,12938.654296875
13686.552712188102,24.0,534.2409186642617,1040,9.999999747378752e-05,67.2734603881836,0.6727344393730164,2.757810592651367,0.949999988079071,303.3353576660156,304.0083923339844,6014.30859375,0.05000000074505806,697.5576782226562,0.834529459476471,2.713465452194214,6.684640884399414,697.5577392578125,117.83675384521484,13899.5966796875
14214.280448053032,25.0,527.7277358649299,1080,9.999999747378752e-05,61.22113037109375,0.6122105717658997,2.406724452972412,0.949999988079071,235.16305541992188,235.7751922607422,4657.533203125,0.05000000074505806,129.00953674316406,0.7941932678222656,2.415177822113037,3.260195732116699,129.00953674316406,50.11425018310547,2534.30224609375
14742.548323296942,26.0,528.2678752439097,1120,9.999999747378752e-05,61.13029861450195,0.6113032698631287,2.22664737701416,0.949999988079071,117.10832214355469,117.71953582763672,2299.860107421875,0.05000000074505806,58.40467834472656,0.7924818396568298,2.3622500896453857,2.4119951725006104,58.40468215942383,33.18274688720703,1123.2108154296875
15261.141115559265,27.0,518.5927922623232,1160,9.999999747378752e-05,59.29771423339844,0.5929774045944214,2.156111001968384,0.949999988079071,107.13670349121094,107.72966766357422,2101.767822265625,0.05000000074505806,46.04548645019531,0.7247793078422546,2.1535911560058594,2.1615238189697266,46.04549026489258,29.459671020507812,879.9915161132812
15795.152226625942,28.0,534.0111110666767,1200,9.999999747378752e-05,60.19702911376953,0.6019696593284607,2.026552438735962,0.949999988079071,72.33842468261719,72.94041442871094,1408.263916015625,0.05000000074505806,3.2111716270446777,0.7074610590934753,2.0459628105163574,0.8850725889205933,3.2111716270446777,4.2596917152404785,25.350135803222656
16321.751250097528,29.0,526.5990234715864,1240,9.999999747378752e-05,56.07343292236328,0.5607340335845947,1.8646750450134277,0.949999988079071,41.89470291137695,42.4554443359375,802.4652709960938,0.05000000074505806,75.809326171875,0.6711376309394836,1.9250999689102173,2.552415609359741,75.80931854248047,38.29670333862305,1479.609619140625
16846.62273699045,30.0,524.8714868929237,1280,9.999999747378752e-05,57.43599319458008,0.5743594765663147,1.8996728658676147,0.25,617.591064453125,618.1653442382812,822.821533203125,0.75,121.1942138671875,0.8308703899383545,2.245049476623535,36.62751007080078,1786.482666015625,48.559722900390625,2381.228271484375
17360.134028337896,31.0,513.5112913474441,1320,9.999999747378752e-05,59.33977508544922,0.5933977961540222,2.0210554599761963,0.25,2965.515380859375,2966.108642578125,3953.3466796875,0.75,115.18490600585938,0.7235408425331116,2.08563494682312,35.74586486816406,1698.5745849609375,47.41996765136719,2264.071044921875
17884.806376344524,32.0,524.6723480066285,1360,9.999999747378752e-05,58.31541442871094,0.5831538438796997,1.9908978939056396,0.25,5086.17333984375,5086.7587890625,6780.9013671875,0.75,729.1695556640625,0.7490395903587341,2.104475259780884,90.59778594970703,10908.0810546875,120.54737091064453,14543.4052734375
18403.6955510322,33.0,518.8891746876761,1400,9.999999747378752e-05,58.79456329345703,0.587945818901062,2.0981249809265137,0.25,4745.14697265625,4745.73486328125,6326.1630859375,0.75,456.2133483886719,0.7712370753288269,2.188279628753662,71.61161041259766,6812.56494140625,95.2250747680664,9082.689453125
18936.31682784483,34.0,532.6212768126279,1440,9.999999747378752e-05,63.266754150390625,0.6326670050621033,2.4343795776367188,0.25,4527.53564453125,4528.1640625,6035.90283203125,0.75,245.984130859375,0.9637583494186401,2.656984329223633,52.478782653808594,3652.5634765625,69.65045928955078,4869.19970703125
19460.37844681088,35.0,524.0616189660504,1480,9.999999747378752e-05,66.3169174194336,0.6631690859794617,2.565220594406128,0.25,4190.73388671875,4191.39453125,5586.791015625,0.75,23.694488525390625,0.8146491646766663,2.386604070663452,15.244604110717773,322.00482177734375,20.054588317871094,428.54425048828125
19984.7623824561,36.0,524.3839356452227,1520,9.999999747378752e-05,65.94251251220703,0.659424901008606,2.396411180496216,0.25,2699.124755859375,2699.783447265625,3598.0341796875,0.75,100.71609497070312,0.833702802658081,2.5063045024871826,33.358795166015625,1475.653076171875,44.20049285888672,1966.7020263671875
20516.04760793224,37.0,531.2852254761383,1560,9.999999747378752e-05,65.04164123535156,0.6504162549972534,2.5179696083068848,0.25,2762.711181640625,2763.362060546875,3682.775634765625,0.75,81.60164642333984,0.8454629778862,2.575232744216919,29.912336349487305,1187.971435546875,39.60129165649414,1583.103515625
21036.464519319125,38.0,520.4169113868847,1600,9.999999747378752e-05,67.47383117675781,0.6747384667396545,2.601196050643921,0.25,1815.9259033203125,1816.6011962890625,2420.367431640625,0.75,314.0568542480469,0.8727743029594421,2.6312177181243896,59.330326080322266,4674.01611328125,78.8161849975586,6231.1435546875
21559.434479707852,39.0,522.9699603887275,1640,9.999999747378752e-05,84.48831176757812,0.8448825478553772,3.291983127593994,0.25,1735.33251953125,1736.1766357421875,2312.679443359375,0.75,74.4260025024414,0.9527923464775085,2.929171085357666,28.445541381835938,1075.381591796875,37.60979080200195,1432.86572265625
22083.551635924727,40.0,524.1171562168747,1680,9.999999747378752e-05,71.40450286865234,0.7140456438064575,2.5915117263793945,0.25,536.6500244140625,537.3640747070312,714.6695556640625,0.75,31.922021865844727,0.8064594268798828,2.5272514820098877,18.21415138244629,443.4488220214844,24.0167179107666,590.4226684570312
22614.57798629254,41.0,531.0263503678143,1720,9.999999747378752e-05,71.25035095214844,0.7125040888786316,2.6433424949645996,0.25,575.2772216796875,575.9888916015625,766.1552124023438,0.75,5.657559394836426,0.859398365020752,2.6748859882354736,5.784360408782959,47.414981842041016,7.426014423370361,62.32835006713867
23138.922576465644,42.0,524.3445901731029,1760,9.999999747378752e-05,69.10176086425781,0.6910173296928406,2.6334657669067383,0.25,1797.9425048828125,1798.6336669921875,2396.37890625,0.75,81.41503143310547,0.8095349669456482,2.5606954097747803,29.92759895324707,1185.375732421875,39.63362121582031,1579.6473388671875
23667.093890034594,43.0,528.1713135689497,1800,9.999999747378752e-05,70.84945678710938,0.7084943652153015,2.6504485607147217,0.25,3166.30224609375,3167.01220703125,4220.8525390625,0.75,80.12188720703125,0.8252249360084534,2.7015178203582764,29.638471603393555,1164.007080078125,39.24288558959961,1551.10888671875
24196.879263777286,44.0,529.7853737426922,1840,9.999999747378752e-05,68.81526184082031,0.6881533265113831,3.2815191745758057,0.25,4042.475830078125,4043.16259765625,5388.8740234375,0.75,943.8450317382812,0.8418631553649902,2.6895153522491455,103.08598327636719,14120.021484375,137.16734313964844,18825.798828125
24725.304085166194,45.0,528.4248213889077,1880,7.999999797903001e-05,79.77864074707031,0.7977856993675232,4.152455806732178,0.25,3461.81787109375,3462.6162109375,4614.373046875,0.75,1192.5999755859375,2.801523447036743,12.887925148010254,115.55517578125,17708.568359375,153.1397247314453,23607.12890625
25251.803388261236,46.0,526.4993030950427,1920,7.999999797903001e-05,100.86372375488281,1.0086369514465332,6.226181983947754,0.25,2562.326171875,2563.33544921875,3414.359619140625,0.75,3.653510570526123,0.8955914378166199,2.8758585453033447,2.7094244956970215,14.540640830993652,3.314035415649414,18.42889976501465
25779.779105456546,47.0,527.9757171953097,1960,7.999999797903001e-05,68.89778137207031,0.6889774203300476,2.829833984375,0.25,957.1893920898438,957.8777465820312,1275.3092041015625,0.75,4.529200077056885,0.8802433013916016,2.766482353210449,4.1962361335754395,29.20724868774414,5.301567077636719,38.020835876464844
26305.389235387556,48.0,525.6101299310103,2000,7.999999797903001e-05,70.41854858398438,0.7041859030723572,2.638646364212036,0.25,934.9716796875,935.6758422851562,1245.7493896484375,0.75,4.308872222900391,0.8447432518005371,2.716973066329956,3.784372568130493,26.595462799072266,4.764248847961426,34.554962158203125
