step,time_fs,epot_ev,ekin_ev,etot_ev,temperature_k
0,0.0,-30039.490234375,7.539865744113628,-30031.950368630885,303.80742486120994
10,1.0,-30039.0859375,7.145143496821304,-30031.940794003178,287.9026921305334
20,2.0,-30038.779296875,6.834621695269291,-30031.94467517973,275.39068832377717
30,3.0,-30039.734375,7.789983286689841,-30031.94439171331,313.8855309046785
40,4.0,-30040.416015625,8.474121930984673,-30031.941893694016,341.45185725916537
50,5.0,-30039.986328125,8.034423336388706,-30031.95190478861,323.734871005984
60,6.0,-30039.90625,7.9631126388803875,-30031.94313736112,320.8615148866164
70,7.0,-30040.8359375,8.90006056249458,-30031.935876937507,358.6144067235186
80,8.0,-30041.3125,9.375134317680804,-30031.93736568232,377.75678128038
90,9.0,-30040.7578125,8.820400920110679,-30031.93741157989,355.40464256599205
100,10.0,-30040.658203125,8.71232069911196,-30031.945882425887,351.04971441018427
110,11.0,-30041.234375,9.290979763742305,-30031.943395236256,374.36590149682957
120,12.0,-30041.349609375,9.407086411554824,-30031.942522963443,379.0442423159254
130,13.0,-30041.158203125,9.215394742931935,-30031.942808382068,371.32031801964274
140,14.0,-30041.1796875,9.242622167434902,-30031.937065332564,372.41740568732536
150,15.0,-30041.61328125,9.662058042127768,-30031.95122320787,389.3179364539814
160,16.0,-30042.05859375,10.123040335173513,-30031.935553414827,407.89251697170226
170,17.0,-30042.30859375,10.361825249266829,-30031.946768500733,417.51399198311486
180,18.0,-30042.13671875,10.202037909552308,-30031.934680840448,411.0756041057192
190,19.0,-30042.072265625,10.125462799150064,-30031.94680282585,407.99012647398143
200,20.0,-30042.328125,10.393385527107434,-30031.934739472894,418.78566538739847
210,21.0,-30042.26171875,10.319131196507282,-30031.942587553494,415.79370004875346
220,22.0,-30041.814453125,9.874460883361866,-30031.939992241638,397.87638595673474
230,23.0,-30041.51171875,9.567882857665206,-30031.943835892336,385.5232906010712
240,24.0,-30041.666015625,9.723277581105751,-30031.942738043894,391.78468468522306
250,25.0,-30041.787109375,9.83922667875666,-30031.947882696244,396.45667726013124
260,26.0,-30041.419921875,9.476085788103045,-30031.943836086895,381.82446727185504
270,27.0,-30041.150390625,9.213667343099686,-30031.9367232819,371.2507150701272
280,28.0,-30041.58203125,9.648435046916271,-30031.933596203085,388.76901857738227
290,29.0,-30041.7890625,9.85420960710048,-30031.9348528929,397.0603915743509
300,30.0,-30041.537109375,9.59200629736111,-30031.94510307764,386.4953079209458
310,31.0,-30041.455078125,9.511334377027914,-30031.943743747972,383.2447555627462
320,32.0,-30041.46484375,9.523733983185803,-30031.941109766813,383.7443788377445
330,33.0,-30041.36328125,9.424186399987354,-30031.93909485001,379.7332603471681
340,34.0,-30041.103515625,9.170654133844131,-30031.932861491157,369.5175632100761
350,35.0,-30040.8828125,8.933890639835107,-30031.948921860167,359.9775382471409
360,36.0,-30040.91015625,8.968348158401623,-30031.941808091597,361.36595156086247
370,37.0,-30040.953125,9.010137673035015,-30031.942987326966,363.04979650689245
380,38.0,-30040.783203125,8.83511301827528,-30031.948090106725,355.99744418997085
390,39.0,-30040.78125,8.842900206022787,-30031.938349793978,356.31121707887513
400,40.0,-30040.904296875,8.952555793356382,-30031.951741081644,360.72962222560756
410,41.0,-30040.87109375,8.9316387082581,-30031.939455041742,359.8868000885857
420,42.0,-30041.044921875,9.099352337845392,-30031.945569537154,366.64456576350113
430,43.0,-30041.4453125,9.494134885444222,-30031.951177614555,382.5517282033342
440,44.0,-30041.408203125,9.471985853856038,-30031.936217271144,381.65926665582873
450,45.0,-30041.16796875,9.218721287268107,-30031.949247462733,371.45435606524694
460,46.0,-30041.28515625,9.343978207529775,-30031.94117804247,376.5013931985609
470,47.0,-30041.349609375,9.405436889608332,-30031.944172485393,378.9777773373935
480,48.0,-30041.044921875,9.101461007144309,-30031.943460867857,366.72953138640867
490,49.0,-30040.80859375,8.868860219960425,-30031.93973353004,357.3572363650822
500,50.0,-30040.98046875,9.040848921645567,-30031.939619828354,364.287259569405
510,51.0,-30041.17578125,9.226465147140136,-30031.94931610286,371.7663831232942
520,52.0,-30041.205078125,9.257678677227087,-30031.947399447774,373.0240848541172
530,53.0,-30041.279296875,9.345553009514925,-30031.933743865484,376.5648474498714
540,54.0,-30041.490234375,9.55177663154751,-30031.938457743454,384.87431471116633
550,55.0,-30041.75390625,9.815626204687582,-30031.938280045313,395.5057320449558
560,56.0,-30041.990234375,10.042014670507534,-30031.948219704493,404.6277110235251
570,57.0,-30042.232421875,10.294687607367596,-30031.93773426763,414.8087827938685
580,58.0,-30042.3515625,10.416013765734412,-30031.935548734265,419.6974358538387
590,59.0,-30042.294921875,10.336984604989075,-30031.95793727001,416.5130759952129
600,60.0,-30042.220703125,10.28848374203172,-30031.93221938297,414.5588074739035
610,61.0,-30042.259765625,10.324978799278856,-30031.93478682572,416.0293203104312
620,62.0,-30042.01171875,10.067288601098948,-30031.944430148902,405.6460856245706
630,63.0,-30041.744140625,9.802278170652809,-30031.941862454347,394.96789331086023
640,64.0,-30041.822265625,9.878748408353108,-30031.94351721665,398.04914525654505
650,65.0,-30041.87890625,9.940642760565051,-30031.938263489435,400.5430840609122
660,66.0,-30041.98046875,10.03161732513908,-30031.948851424862,404.2087658023521
670,67.0,-30041.91015625,9.976081972541095,-30031.93407427746,401.9710532177845
680,68.0,-30041.94921875,10.00055131488536,-30031.948667435114,402.95700815888705
690,69.0,-30042.15625,10.214902118767013,-30031.94134788123,411.59394785440554
700,70.0,-30042.169921875,10.225445281040884,-30031.94447659396,412.01876854604967
710,71.0,-30041.904296875,9.956670554737467,-30031.947626320263,401.1888996548475
720,72.0,-30041.791015625,9.844267481590139,-30031.94674814341,396.65978874514246
730,73.0,-30041.974609375,10.035960032674248,-30031.938649342326,404.3837485988581
740,74.0,-30041.970703125,10.020358205519754,-30031.95034491948,403.75509669817444
750,75.0,-30041.685546875,9.74782534894944,-30031.93772152605,392.7737996625692
760,76.0,-30041.642578125,9.703875225014778,-30031.938702899984,391.002896250218
770,77.0,-30041.671875,9.734458002716607,-30031.937416997283,392.2351827728194
780,78.0,-30041.7578125,9.824517528589677,-30031.93329497141,395.86399442123366
790,79.0,-30041.955078125,10.01088400936403,-30031.944194115636,403.3733483707659
800,80.0,-30041.900390625,9.968775558012936,-30031.931615066987,401.67665235467877
810,81.0,-30041.853515625,9.911153409824948,-30031.942362215173,399.35485551504263
820,82.0,-30042.005859375,10.073175354342112,-30031.93268402066,405.883283394968
830,83.0,-30042.134765625,10.200758885575873,-30031.934006739422,411.0240677795028
840,84.0,-30042.02734375,10.081890469277603,-30031.94545328072,406.23444569888403
850,85.0,-30041.927734375,9.995532313739554,-30031.93220206126,402.7547751397284
860,86.0,-30042.048828125,10.10767984842832,-30031.94114827657,407.27358951582346
870,87.0,-30042.2265625,10.288942027663902,-30031.937620472338,414.5772733965723
880,88.0,-30042.2421875,10.303654533690942,-30031.93853296631,415.1700914547479
890,89.0,-30042.140625,10.200431639967505,-30031.94019336003,411.010881915331
900,90.0,-30042.017578125,10.075540633880529,-30031.94203749112,405.9785887372686
910,91.0,-30042.1171875,10.17310964879074,-30031.94407785121,409.9099838273281
920,92.0,-30042.208984375,10.269334823284606,-30031.939649551714,413.78723091128643
930,93.0,-30042.158203125,10.214518264475327,-30031.943684860526,411.57848102941995
940,94.0,-30042.205078125,10.271866614000661,-30031.933211511,413.88924556828914
950,95.0,-30042.21484375,10.280639451745435,-30031.934204298253,414.24273372503063
960,96.0,-30042.158203125,10.221934536409922,-30031.93626858859,411.87730842966624
970,97.0,-30042.3203125,10.38789447534944,-30031.93241802465,418.56441180663313
980,98.0,-30042.306640625,10.358665206226155,-30031.947975418774,417.38666285402695
990,99.0,-30042.0234375,10.081060015358332,-30031.94237748464,406.20098382101486
1000,100.0,-30042.25390625,10.317426750400745,-30031.9364794996,415.72502198471153
1010,101.0,-30042.51171875,10.565884417460506,-30031.94583433254,425.73624586829055
1020,102.0,-30042.3203125,10.382687755384213,-30031.937624744616,418.35461494309556
1030,103.0,-30042.201171875,10.26109571253469,-30031.940076162464,413.45524847220486
1040,104.0,-30042.291015625,10.351188661940682,-30031.93982696306,417.0854068710536
1050,105.0,-30042.361328125,10.424799711353778,-30031.936528413647,420.05145217245473
1060,106.0,-30042.421875,10.477527735012906,-30031.944347264987,422.17604770632175
1070,107.0,-30042.21484375,10.283852976176904,-30031.930990773824,414.3722178054356
1080,108.0,-30042.302734375,10.351633772854743,-30031.951100602146,417.1033419384895
1090,109.0,-30042.623046875,10.680886331760497,-30031.94216054324,430.37007313038293
1100,110.0,-30042.509765625,10.575919751992272,-30031.93384587301,426.1406044132815
1110,111.0,-30042.34375,10.411713598079704,-30031.93203640192,419.5241671371287
1120,112.0,-30042.521484375,10.580085361623123,-30031.941399013376,426.3084513190323
1130,113.0,-30042.7421875,10.80514472624981,-30031.93704277375,435.3768761860817
1140,114.0,-30042.73828125,10.800992119917677,-30031.93728913008,435.2095532284796
1150,115.0,-30042.59765625,10.660009451289078,-30031.93764679871,429.5288709776644
1160,116.0,-30042.6875,10.744588183642142,-30031.942911816357,432.93684238541397
1170,117.0,-30042.849609375,10.920990162484419,-30031.928619212515,440.04469188185004
1180,118.0,-30042.568359375,10.62569787244232,-30031.94266150256,428.1463380830311
1190,119.0,-30042.349609375,10.415945849336396,-30031.933663525662,419.69469926585595
1200,120.0,-30042.40234375,10.457751928488495,-30031.944591821513,421.37921165397887
1210,121.0,-30042.310546875,10.371507813394313,-30031.939039061606,417.90413618109625
1220,122.0,-30042.2265625,10.292160460701052,-30031.9344020393,414.706955261779
1230,123.0,-30042.267578125,10.330760007350804,-30031.93681811765,416.2622652986489
1240,124.0,-30042.212890625,10.260310766307562,-30031.95257985869,413.4236202575905
1250,125.0,-30042.189453125,10.25472175811841,-30031.93473136688,413.19841967138643
1260,126.0,-30042.263671875,10.331511716835424,-30031.932160158165,416.29255428926444
1270,127.0,-30042.205078125,10.257166193929972,-30031.94791193107,413.2969144953465
1280,128.0,-30042.021484375,10.076388899147835,-30031.94509547585,406.01276829632246
1290,129.0,-30041.873046875,9.930335683627689,-30031.942711191372,400.1277760689057
1300,130.0,-30041.935546875,9.989083961443775,-30031.946462913555,402.49494858948674
1310,131.0,-30041.904296875,9.969060385056512,-30031.935236489942,401.6881290272849
1320,132.0,-30041.765625,9.820496197413625,-30031.945128802585,395.7019609964258
1330,133.0,-30041.775390625,9.830823551694248,-30031.944567073308,396.1180860331447
1340,134.0,-30042.005859375,10.063136462579369,-30031.94272291242,405.478781516764
1350,135.0,-30042.052734375,10.104944529062275,-30031.947789845937,407.1633739813598
1360,136.0,-30042.009765625,10.061879336454176,-30031.947886288544,405.42812753116505
1370,137.0,-30042.04296875,10.096127449801216,-30031.9468413002,406.80810317999436
1380,138.0,-30042.017578125,10.076285576456618,-30031.941292548545,406.0086050655948
1390,139.0,-30042.109375,10.158481344415108,-30031.950893655587,409.32055854665697
1400,140.0,-30042.19140625,10.2415516797215,-30031.949854570277,412.66775138911504
1410,141.0,-30041.984375,10.032892994285117,-30031.951482005716,404.260166950779
1420,142.0,-30041.841796875,9.912631924296809,-30031.929164950703,399.41443000742225
1430,143.0,-30041.927734375,9.994538918816296,-30031.933195456182,402.7147478018755
1440,144.0,-30041.787109375,9.858985586177976,-30031.92812378882,397.25283238881207
1450,145.0,-30041.68359375,9.733528901213795,-30031.950064848785,392.1977460405773
1460,146.0,-30041.779296875,9.839033437330553,-30031.94026343767,396.4488908907137
1470,147.0,-30042.072265625,10.128160283691376,-30031.94410534131,408.0988175117149
1480,148.0,-30042.337890625,10.39448527644744,-30031.943405348553,418.8299781147493
1490,149.0,-30042.400390625,10.455116938292306,-30031.945273686706,421.27303873085174
1500,150.0,-30042.296875,10.357900255629927,-30031.93897474437,417.3558403329539
1510,151.0,-30042.478515625,10.532862662532619,-30031.945652962466,424.4056844671315
1520,152.0,-30042.54296875,10.604863229089698,-30031.93810552091,427.3068378107877
1530,153.0,-30042.3203125,10.373970949886132,-30031.946341550112,418.00338452053063
1540,154.0,-30042.1328125,10.198796566727355,-30031.93401593327,410.9449991254501
1550,155.0,-30042.21484375,10.258444350662373,-30031.956399399336,413.3484158772833
1560,156.0,-30042.3046875,10.364257372076823,-30031.940430127925,417.6119906734002
1570,157.0,-30042.05859375,10.117968387993777,-30031.940625362007,407.68815057261736
1580,158.0,-30041.619140625,9.677714151679101,-30031.94142647332,389.9487755813026
1590,159.0,-30041.638671875,9.691961825996273,-30031.946710049004,390.5228639525631
1600,160.0,-30041.572265625,9.643912732961002,-30031.92835289204,388.5867988132921
1610,161.0,-30041.28515625,9.349861078679407,-30031.93529517132,376.7384345459026
1620,162.0,-30041.3203125,9.37145981160517,-30031.948852688394,377.608722645603
1630,163.0,-30041.705078125,9.767482810638011,-30031.93759531436,393.5658671897098
1640,164.0,-30041.70703125,9.772553157128927,-30031.93447809287,393.7701690914727
1650,165.0,-30041.576171875,9.63439921658908,-30031.94177265841,388.20346613756305
1660,166.0,-30041.861328125,9.91410209901812,-30031.947226025983,399.4736684622351
1670,167.0,-30041.857421875,9.92674511064549,-30031.930676764354,399.983099390498
1680,168.0,-30041.482421875,9.54321633314607,-30031.939205541854,384.5293905040721
1690,169.0,-30041.38671875,9.432436480972958,-30031.954282269027,380.0656848152151
1700,170.0,-30041.396484375,9.46737627868161,-30031.92910809632,381.47353083360395
1710,171.0,-30041.173828125,9.237369241774577,-30031.936458883225,372.20574703556525
1720,172.0,-30041.021484375,9.087249361175047,-30031.934235013825,366.15689472264165
1730,173.0,-30041.2109375,9.266805539754701,-30031.944131960245,373.39183790114475
1740,174.0,-30041.326171875,9.391879084958862,-30031.93429279004,378.4314862153609
1750,175.0,-30041.482421875,9.539436868539516,-30031.94298500646,384.37710272489414
1760,176.0,-30041.802734375,9.85426167509182,-30031.948472699907,397.0624895748861
1770,177.0,-30041.833984375,9.901406906462768,-30031.93257746854,398.9621349828267
1780,178.0,-30041.728515625,9.783174705481898,-30031.94534091952,394.1981482309785
1790,179.0,-30041.76953125,9.83244283932518,-30031.937088410676,396.18333276590613
1800,180.0,-30041.76953125,9.831757903115559,-30031.937773346883,396.15573430286963
1810,181.0,-30041.44921875,9.506240391086383,-30031.942978358915,383.0395011452675
1820,182.0,-30041.212890625,9.267111413924384,-30031.945779211077,373.40416263569267
1830,183.0,-30041.298828125,9.342440043641513,-30031.95638808136,376.43941522365174
1840,184.0,-30041.35546875,9.415299165578556,-30031.94016958442,379.375162750804
1850,185.0,-30041.244140625,9.298616641523505,-30031.945523983475,374.6736178742064
1860,186.0,-30041.373046875,9.432627907052304,-30031.940418967948,380.0733980379953
1870,187.0,-30041.853515625,9.906718905255337,-30031.946796719745,399.17617389662246
1880,188.0,-30042.072265625,10.132079998515355,-30031.940185626485,408.2567564601363
1890,189.0,-30042.03515625,10.094796498483205,-30031.940359751516,406.7544745205111
1900,190.0,-30042.076171875,10.127988020883084,-30031.948183854118,408.0918764438017
1910,191.0,-30042.193359375,10.247595718319126,-30031.94576365668,412.9112867336986
1920,192.0,-30042.189453125,10.252689690594966,-30031.936763434405,413.1165406005391
1930,193.0,-30042.005859375,10.072298721791416,-30031.933560653208,405.8479608193658
1940,194.0,-30041.935546875,9.994923234646583,-30031.940623640352,402.73023322385717
1950,195.0,-30042.1484375,10.213375348909523,-30031.93506215109,411.53242898464026
1960,196.0,-30042.251953125,10.304645534902473,-30031.947307590097,415.2100223416267
1970,197.0,-30042.0390625,10.095501292898179,-30031.943561207103,406.78287313973544
1980,198.0,-30042.232421875,10.287776191596958,-30031.944645683405,414.5302978050526
1990,199.0,-30042.58203125,10.638793925965857,-30031.943237324034,428.6740236455938
2000,200.0,-30042.423828125,10.485908950006774,-30031.937919174994,422.5137560198263
2010,201.0,-30042.244140625,10.306873659877212,-30031.937266965124,415.29980124934434
2020,202.0,-30042.3984375,10.445072155506477,-30031.953365344492,420.8682994828306
2030,203.0,-30042.2890625,10.357552746532253,-30031.931509753467,417.34183798229367
2040,204.0,-30041.828125,9.892853152066568,-30031.935271847935,398.6174744564727
2050,205.0,-30041.576171875,9.639190906091468,-30031.93698096891,388.3965399797056
2060,206.0,-30041.638671875,9.696321739314602,-30031.942350135687,390.69854002993804
2070,207.0,-30041.69140625,9.74958882118755,-30031.94181742881,392.8448560948263
2080,208.0,-30041.681640625,9.738062592322061,-30031.94357803268,392.3804242297471
2090,209.0,-30041.810546875,9.877215433292912,-30031.933331441705,397.98737635757254
2100,210.0,-30041.98828125,10.0566511177155,-30031.931630132283,405.21746440724297
2110,211.0,-30042.05078125,10.109464594986449,-30031.941316655015,407.34550316445547
2120,212.0,-30042.04296875,10.102546451660364,-30031.94042229834,407.06674709902296
2130,213.0,-30041.92578125,9.980474429415294,-30031.945306820584,402.1480405882567
2140,214.0,-30041.8828125,9.939079054010271,-30031.94373344599,400.48007688309644
2150,215.0,-30041.74609375,9.797676427792737,-30031.948417322208,394.78247307983247
2160,216.0,-30041.578125,9.634955155282372,-30031.94316984472,388.22586684183574
2170,217.0,-30041.44140625,9.499980267999742,-30031.941425982,382.78725900478224
2180,218.0,-30041.396484375,9.455328962555651,-30031.941155412445,380.98810254974177
2190,219.0,-30041.671875,9.723473901100986,-30031.9484010989,391.7925951009022
2200,220.0,-30041.8984375,9.961596365469513,-30031.93684113453,401.38737770799116
2210,221.0,-30041.982421875,10.04272854098481,-30031.939693334014,404.65647534887864
2220,222.0,-30042.267578125,10.324510437819448,-30031.94306768718,416.01044839762585
2230,223.0,-30042.505859375,10.568101616637591,-30031.937757758362,425.82558453760583
2240,224.0,-30042.40234375,10.46665964815385,-30031.935684101845,421.73813467260555
2250,225.0,-30042.20703125,10.267603029094683,-30031.939428220907,413.71745089781064
2260,226.0,-30042.283203125,10.332165985126363,-30031.951037139872,416.318917035152
2270,227.0,-30042.306640625,10.371705299692428,-30031.93493532531,417.9120935911765
2280,228.0,-30042.083984375,10.149793590711823,-30031.93419078429,408.9704987219865
2290,229.0,-30041.962890625,10.011386207863035,-30031.95150441714,403.39358369562837
2300,230.0,-30042.177734375,10.23260828053164,-30031.94512609447,412.30739071830357
2310,231.0,-30042.24609375,10.30497411476486,-30031.941119635234,415.2232619675353
2320,232.0,-30042.173828125,10.244357077650399,-30031.92947104735,412.7807906327057
2330,233.0,-30042.33203125,10.38771881346636,-30031.944312436535,418.55733377817
2340,234.0,-30042.4140625,10.479650771402348,-30031.9344117286,422.26159222929505
2350,235.0,-30042.478515625,10.54203059402439,-30031.936485030976,424.7750923256193
2360,236.0,-30042.810546875,10.861870121413348,-30031.948676753585,437.66253972622144
2370,237.0,-30042.830078125,10.891778515432518,-30031.938299609566,438.86765298381385
2380,238.0,-30042.56640625,10.618935188742942,-30031.947471061256,427.87384602686114
2390,239.0,-30042.736328125,10.79474522459896,-30031.9415829004,434.95784408078845
2400,240.0,-30042.95703125,11.02168687244026,-30031.935344377558,444.1021126877263
2410,241.0,-30042.59375,10.660373045122432,-30031.93337695488,429.54352143829004
2420,242.0,-30042.455078125,10.504631856049187,-30031.95044626895,423.26816704831236
2430,243.0,-30042.7578125,10.823349374101863,-30031.934463125897,436.11040478886287
2440,244.0,-30042.74609375,10.803724387885097,-30031.942369362114,435.31964581147565
2450,245.0,-30042.50390625,10.569673015282147,-30031.93423323472,425.88890165648235
2460,246.0,-30042.572265625,10.634309404409453,-30031.93795622059,428.4933266687479
2470,247.0,-30042.607421875,10.667306963483695,-30031.940114911515,429.82291313477714
2480,248.0,-30042.47265625,10.53054829242895,-30031.94210795757,424.31243044308997
2490,249.0,-30042.2734375,10.327886879232924,-30031.945550620767,416.14649697008537
2500,250.0,-30042.111328125,10.176040044121613,-30031.93528808088,410.0280596511573
2510,251.0,-30042.0390625,10.100058659655879,-30031.939003840344,406.9665053031975
2520,252.0,-30041.98828125,10.045430514760053,-30031.94285073524,404.76534727346694
2530,253.0,-30041.966796875,10.028151838202488,-30031.938645036797,404.06912927594334
2540,254.0,-30042.03125,10.085379966197166,-30031.945870033804,406.3750496710465
2550,255.0,-30042.2421875,10.292555280387049,-30031.949632219614,414.7228639206541
2560,256.0,-30042.4140625,10.465327530739785,-30031.94873496926,421.68445902705497
2570,257.0,-30042.5078125,10.567895880797387,-30031.9399166192,425.81729472477156
2580,258.0,-30042.509765625,10.562030376651345,-30031.947735248348,425.58095315443086
2590,259.0,-30042.49609375,10.555725748712868,-30031.940368001287,425.32691775861605
2600,260.0,-30042.77734375,10.826773473205748,-30031.950570276793,436.24837365548797
2610,261.0,-30042.703125,10.760781684296727,-30031.942343315703,433.5893348700711
2620,262.0,-30042.4375,10.501530421778364,-30031.935969578222,423.14319947048375
2630,263.0,-30042.45703125,10.52027584380166,-30031.936755406197,423.8985177461812
2640,264.0,-30042.423828125,10.489466227977255,-30031.934361897023,422.65709112636597
2650,265.0,-30042.150390625,10.200634527670294,-30031.94975609733,411.0190569667991
2660,266.0,-30041.96484375,10.02418602131595,-30031.940657728683,403.90933271501507
2670,267.0,-30042.275390625,10.324425620214582,-30031.950965004784,416.00703080121343
2680,268.0,-30042.4921875,10.546540688739627,-30031.945646811262,424.9568197340133
2690,269.0,-30042.333984375,10.381676765027109,-30031.952307609972,418.31387862399185
2700,270.0,-30042.53125,10.587352722246903,-30031.943897277753,426.6012785644474
2710,271.0,-30042.6796875,10.743917386551797,-30031.935770113447,432.9098136366884
2720,272.0,-30042.3984375,10.463527910323513,-30031.934909589676,421.6119460589266
2730,273.0,-30042.349609375,10.404598807751437,-30031.945010567248,419.23748747976936
2740,274.0,-30042.373046875,10.436839938511538,-30031.936206936487,420.53659481712305
2750,275.0,-30042.328125,10.381849988258052,-30031.94627501174,418.32085839067537
2760,276.0,-30042.08203125,10.150743808710459,-30031.93128744129,409.0087863113176
2770,277.0,-30041.9765625,10.041433643860747,-30031.935128856137,404.6042994383157
2780,278.0,-30042.076171875,10.12929345365911,-30031.946878421342,408.1444768724398
2790,279.0,-30041.740234375,9.796180939144229,-30031.944053435855,394.7222146388162
2800,280.0,-30041.654296875,9.71137024244591,-30031.942926632553,391.304896580505
2810,281.0,-30041.78515625,9.846947964567429,-30031.93820828543,396.76779473070667
2820,282.0,-30041.76953125,9.825045548657931,-30031.94448570134,395.88527018696414
2830,283.0,-30041.931640625,9.991030929426032,-30031.940609695575,402.57339870372624
2840,284.0,-30042.09375,10.147910152538476,-30031.94583984746,408.89460844479197
2850,285.0,-30041.82421875,9.884404800063805,-30031.939813949935,398.2770609592849
2860,286.0,-30041.763671875,9.81777085525591,-30031.945901019742,395.59214747840025
2870,287.0,-30041.994140625,10.045537689879808,-30031.94860293512,404.7696657319445
2880,288.0,-30042.072265625,10.141156981840131,-30031.93110864316,408.622499700533
2890,289.0,-30041.876953125,9.939285973380816,-30031.93766715162,400.488414384486
2900,290.0,-30041.955078125,10.019049404141256,-30031.93602872086,403.70236053682214
2910,291.0,-30042.4140625,10.46425758946934,-30031.94980491053,421.6413473705404
2920,292.0,-30042.294921875,10.340107170111287,-30031.954814704888,416.6388950085662
2930,293.0,-30041.830078125,9.892064906832836,-30031.93801321817,398.58571331340374
2940,294.0,-30042.07421875,10.126684320318798,-30031.94753442968,408.03934581200167
2950,295.0,-30042.462890625,10.516512165962025,-30031.946378459037,423.74686607077047
2960,296.0,-30042.12109375,10.182222652207187,-30031.938871097795,410.2771784425457
2970,297.0,-30041.845703125,9.91015193480228,-30031.9355511902,399.3145026018708
2980,298.0,-30042.125,10.176955590978475,-30031.948044409022,410.0649502195524
2990,299.0,-30041.958984375,10.019456069425729,-30031.939528305575,403.71874649607514
3000,300.0,-30041.6328125,9.693976822000822,-30031.938835678,390.60405515251597
3010,301.0,-30041.76953125,9.827006088824472,-30031.942525161176,395.96426717173125
3020,302.0,-30041.978515625,10.04315469957483,-30031.935360925425,404.6736467612367
3030,303.0,-30042.017578125,10.077635821259918,-30031.93994230374,406.06301112672963
3040,304.0,-30042.078125,10.13066684754146,-30031.94745815246,408.1998156905139
3050,305.0,-30042.123046875,10.181250242133936,-30031.941796632866,410.2379966573138
3060,306.0,-30041.9140625,9.969847810999031,-30031.944214689,401.71985715826025
3070,307.0,-30041.802734375,9.856525479539723,-30031.94620889546,397.1537061327199
3080,308.0,-30041.9375,9.992903750910617,-30031.94459624909,402.6488611975911
3090,309.0,-30041.96484375,10.022951825094763,-30031.941891924904,403.85960265503024
3100,310.0,-30041.841796875,9.89285497311108,-30031.94894190189,398.61754783269214
3110,311.0,-30041.919921875,9.983237498290851,-30031.93668437671,402.25937424700953
3120,312.0,-30041.94921875,9.998846179826696,-30031.950372570172,402.8883023345668
3130,313.0,-30041.955078125,10.012008996179766,-30031.94306912882,403.4186780038244
3140,314.0,-30042.06640625,10.12382906840695,-30031.94257718159,407.9242977779772
3150,315.0,-30041.9921875,10.03738550186826,-30031.95480199813,404.44118571242865
3160,316.0,-30042.197265625,10.263056513787275,-30031.934209111212,413.5342559770371
3170,317.0,-30042.81640625,10.877044457670943,-30031.93936179233,438.27396653126726
3180,318.0,-30042.8515625,10.919631493291817,-30031.931931006708,439.98994637275865
3190,319.0,-30042.392578125,10.455123762415287,-30031.937454362585,421.2733136985103
3200,320.0,-30042.6640625,10.718671419573933,-30031.945391080426,431.8925657869288
3210,321.0,-30042.87109375,10.937425809491753,-30031.93366794051,440.7069412855777
3220,322.0,-30042.240234375,10.304209537586697,-30031.936024837414,415.1924544927753
3230,323.0,-30041.95703125,10.015937339860665,-30031.94109391014,403.57696463891415
3240,324.0,-30042.119140625,10.179496067053194,-30031.939644557948,410.16731483987525
3250,325.0,-30041.88671875,9.946565502466115,-30031.940153247535,400.7817319395544
3260,326.0,-30041.759765625,9.81537160267607,-30031.944394022325,395.4954732440557
3270,327.0,-30041.802734375,9.857668634260204,-30031.94506574074,397.1997678138736
3280,328.0,-30041.611328125,9.674881634224159,-30031.936446490778,389.8346435976486
3290,329.0,-30041.662109375,9.71962285798807,-30031.94248651701,391.6374231746543
3300,330.0,-30041.810546875,9.87487564174831,-30031.935671233252,397.8930980152251
3310,331.0,-30041.748046875,9.814535200210948,-30031.93351167479,395.46177167857695
3320,332.0,-30041.625,9.690469655558134,-30031.934530344442,390.4627392137879
3330,333.0,-30041.8125,9.867649277882302,-30031.944850722117,397.6019226718238
3340,334.0,-30041.96875,10.02776520426261,-30031.940984795736,404.0535504492607
3350,335.0,-30041.99609375,10.058230809919866,-30031.93786294008,405.28111570250064
3360,336.0,-30042.189453125,10.23939811371756,-30031.950055011283,412.5809767217496
3370,337.0,-30042.302734375,10.355043984973126,-30031.94769039003,417.24075125015065
3380,338.0,-30042.32421875,10.380314647505614,-30031.943904102496,418.25899416973124
3390,339.0,-30042.427734375,10.476840630224885,-30031.950893744775,422.1483618637162
3400,340.0,-30042.486328125,10.545076889634831,-30031.941251235367,424.89783817497306
3410,341.0,-30041.900390625,9.948379684818907,-30031.952010940182,400.8548316587716
3420,342.0,-30041.642578125,9.705854326155755,-30031.936723798844,391.0826411212258
3430,343.0,-30042.046875,10.100476622686031,-30031.946398377313,406.98334648793303
3440,344.0,-30042.078125,10.137352581964038,-30031.940772418035,408.46920719258605
3450,345.0,-30041.671875,9.72065443889164,-30031.95122056111,391.67898915851737
3460,346.0,-30041.701171875,9.753692535899031,-30031.947479339102,393.01020903892
3470,347.0,-30042.3125,10.376698171951178,-30031.935801828047,418.11327378656335
3480,348.0,-30042.373046875,10.42759650511263,-30031.945450369887,420.16414472409707
3490,349.0,-30042.1171875,10.17406423539111,-30031.94312326461,409.94844744282307
3500,350.0,-30042.26953125,10.326921066953876,-30031.942610183047,416.10758103293807
3510,351.0,-30042.439453125,10.506734471601675,-30031.9327186534,423.352888744713
3520,352.0,-30042.27734375,10.343537485425927,-30031.933806264573,416.7771143479511
3530,353.0,-30042.203125,10.262668914201317,-30031.9404560858,413.518638241114
3540,354.0,-30042.21875,10.272363447162276,-30031.946386552838,413.90926470504013
3550,355.0,-30041.986328125,10.04244196995931,-30031.94388615504,404.6449284051728
3560,356.0,-30041.9296875,9.982370387385469,-30031.947317112616,402.22443533162647
3570,357.0,-30041.947265625,10.00831685671962,-30031.938948768282,403.2699088586323
3580,358.0,-30041.994140625,10.047967126020165,-30031.946173498978,404.8675561669622
3590,359.0,-30041.953125,10.011088078299213,-30031.9420369217,403.38157101819706
3600,360.0,-30042.05859375,10.120450892073775,-30031.938142857925,407.7881792995666
3610,361.0,-30042.359375,10.401893405727883,-30031.957481594272,419.1284774191284
3620,362.0,-30042.380859375,10.446279535276167,-30031.934579839723,420.9169490146801
3630,363.0,-30042.123046875,10.176467193587614,-30031.94657968141,410.04527098935625
3640,364.0,-30042.083984375,10.151083333769192,-30031.93290104123,409.0224669572694
3650,365.0,-30042.3125,10.367065292117925,-30031.945434707883,417.72513154166694
3660,366.0,-30042.08984375,10.14847598802162,-30031.941367761978,408.9174079251625
3670,367.0,-30041.96484375,10.028749645664444,-30031.936094104334,404.0932170185827
3680,368.0,-30042.037109375,10.094804516724103,-30031.942304858276,406.75479760333536
3690,369.0,-30041.916015625,9.977307368922416,-30031.93870825608,402.0204287016031
3700,370.0,-30042.0390625,10.091802497228224,-30031.947260002773,406.63383579269066
3710,371.0,-30042.1875,10.236412241437465,-30031.951087758564,412.46066553861107
3720,372.0,-30042.041015625,10.101212112852489,-30031.93980351215,407.0129819457867
3730,373.0,-30042.001953125,10.060063861741739,-30031.941889263257,405.3549757382811
3740,374.0,-30042.26953125,10.319783479115952,-30031.949747770883,415.8199827845935
3750,375.0,-30042.166015625,10.219921357773142,-30031.946094267227,411.7961904577842
3760,376.0,-30042.107421875,10.174025548753576,-30031.933396326247,409.94688862359146
3770,377.0,-30042.25390625,10.316319253577365,-30031.937586996424,415.6803970842993
3780,378.0,-30042.052734375,10.097428384954258,-30031.955305990046,406.86052238375345
3790,379.0,-30041.9375,10.001600149078872,-30031.93589985092,402.9992693378325
3800,380.0,-30042.50390625,10.559678617400657,-30031.9442276326,425.48619259156504
3810,381.0,-30042.546875,10.609815251577455,-30031.937059748423,427.5063720267696
3820,382.0,-30042.236328125,10.290250871087983,-30031.946077253913,414.6300112520874
3830,383.0,-30042.619140625,10.680453637502204,-30031.938686987498,430.3526383732101
3840,384.0,-30042.845703125,10.899789229932912,-30031.945913895066,439.19043254332564
3850,385.0,-30042.69921875,10.752600252112465,-30031.94661849789,433.2596765010852
3860,386.0,-30042.6015625,10.657604308858549,-30031.943958191143,429.43195942074254
3870,387.0,-30042.681640625,10.739748053204996,-30031.941892571795,432.7418166894658
3880,388.0,-30042.98828125,11.041418023340508,-30031.946863226658,444.89714940959794
3890,389.0,-30042.896484375,10.957551496301939,-30031.938932878697,441.5178752319997
3900,390.0,-30042.5625,10.617701841203955,-30031.944798158795,427.824150163235
3910,391.0,-30042.84765625,10.907369865674582,-30031.940286384324,439.4958827332426
3920,392.0,-30042.951171875,11.014179903881008,-30031.93699197112,443.7996308049049
3930,393.0,-30042.625,10.692034638471572,-30031.932965361528,430.8192771969273
3940,394.0,-30042.41015625,10.47506635639797,-30031.935089893603,422.0768701978634
3950,395.0,-30042.4140625,10.472031736396739,-30031.942030763603,421.95459479942855
3960,396.0,-30042.5703125,10.63001055693256,-30031.94030194307,428.3201111465954
3970,397.0,-30042.38671875,10.43699977772736,-30031.94971897227,420.5430352952693
3980,398.0,-30042.06640625,10.125246783381138,-30031.94115946662,407.9814224470513
3990,399.0,-30042.291015625,10.351722248843517,-30031.939293376156,417.1069069439185
4000,400.0,-30042.265625,10.32371195683545,-30031.941913043163,415.97827482056465
4010,401.0,-30042.0546875,10.109989054490818,-30031.94469844551,407.3666354626785
4020,402.0,-30041.908203125,9.965587434236163,-30031.942615690765,401.54819175502996
4030,403.0,-30042.0,10.064241866759463,-30031.93575813324,405.52332209729724
4040,404.0,-30042.251953125,10.30331573609921,-30031.9486373889,415.15644012097266
4050,405.0,-30041.93359375,9.992677995526492,-30031.940915754472,402.6397647276767
4060,406.0,-30041.876953125,9.933220241323498,-30031.943732883676,400.2440049349318
4070,407.0,-30042.126953125,10.190136084408195,-30031.93681704059,410.5960381597335
4080,408.0,-30042.01171875,10.066611586566113,-30031.945107163432,405.6188063534543
4090,409.0,-30042.0234375,10.085344736195779,-30031.938092763805,406.37363013171216
4100,410.0,-30042.083984375,10.139040810728792,-30031.94494356427,408.53723180350136
4110,411.0,-30042.25,10.316030975082725,-30031.933969024918,415.66878134072084
4120,412.0,-30042.638671875,10.697424920376562,-30031.941246954622,431.036470409699
4130,413.0,-30042.529296875,10.579544141396944,-30031.949752733603,426.28664367301064
4140,414.0,-30042.25,10.318747205595361,-30031.931252794406,415.77822771886326
4150,415.0,-30042.505859375,10.55802596399623,-30031.947833411003,425.4196014356974
4160,416.0,-30042.65625,10.714872953732964,-30031.941377046267,431.73951238190375
4170,417.0,-30042.1875,10.25646699481063,-30031.93103300519,413.26874133005134
4180,418.0,-30042.03125,10.087893797980499,-30031.94335620202,406.4763407001639
4190,419.0,-30042.4921875,10.557234538996122,-30031.934952961004,425.3877121687776
4200,420.0,-30042.55078125,10.59986789391747,-30031.950913356082,427.1055583760474
4210,421.0,-30042.068359375,10.130421875410889,-30031.937937499588,408.1899449110229
4220,422.0,-30042.1484375,10.207849318499584,-30031.9405881815,411.30976599228404
4230,423.0,-30042.48046875,10.54740097104593,-30031.933067778955,424.9914835013802
4240,424.0,-30042.2578125,10.329545192215669,-30031.928267307783,416.2133161700552
4250,425.0,-30042.12109375,10.176168005145492,-30031.944925744854,410.0332156460339
4260,426.0,-30042.123046875,10.17846136502855,-30031.944585509973,410.1256230951846
4270,427.0,-30041.99609375,10.061250804442796,-30031.934842945557,405.40280178952713
4280,428.0,-30042.0234375,10.09396490452665,-30031.929472595475,406.72096670657317
4290,429.0,-30041.9296875,9.990624975904469,-30031.939062524096,402.5570414238774
4300,430.0,-30041.630859375,9.689827580581035,-30031.94103179442,390.4368677789401
4310,431.0,-30041.88671875,9.947653969364396,-30031.939064780636,400.8255900580721
4320,432.0,-30042.03515625,10.095978086521539,-30031.939178163477,406.8020848137651
4330,433.0,-30041.9609375,10.02242284806604,-30031.938514651934,403.8382883300328
4340,434.0,-30042.068359375,10.136607576660843,-30031.93175179834,408.4391883367665
4350,435.0,-30042.2578125,10.319416937219387,-30031.93839556278,415.8052135362436
4360,436.0,-30042.6015625,10.655204781261814,-30031.946357718738,429.33527410501046
4370,437.0,-30042.783203125,10.840099778611727,-30031.943103346388,436.7853368675273
4380,438.0,-30042.79296875,10.85209013954217,-30031.940878610458,437.2684702283936
4390,439.0,-30042.978515625,11.043278881775308,-30031.935236743226,444.9721298705629
4400,440.0,-30043.09765625,11.155213011169609,-30031.94244323883,449.4823454048267
4410,441.0,-30043.119140625,11.17824271161808,-30031.94089791338,450.4102921648916
4420,442.0,-30042.9609375,11.02280969799644,-30031.938127802005,444.14735523611756
4430,443.0,-30042.76171875,10.823388960036949,-30031.938329789962,436.11199984392186
4440,444.0,-30042.740234375,10.79739399870456,-30031.942840376294,435.0645724055851
4450,445.0,-30042.86328125,10.92554152871088,-30031.93773972129,440.2280822630304
4460,446.0,-30042.701171875,10.76332833493928,-30031.93784354006,433.6919482852157
4470,447.0,-30042.337890625,10.400567319701768,-30031.937323305297,419.07504479918384
4480,448.0,-30042.52734375,10.583617333717799,-30031.94372641628,426.4507667637871
4490,449.0,-30042.728515625,10.78579065061691,-30031.942724974382,434.5970331387183
4500,450.0,-30042.453125,10.508369704491221,-30031.94475529551,423.4187779674236
4510,451.0,-30042.31640625,10.375175771054256,-30031.941230478948,418.0519309574206
4520,452.0,-30042.63671875,10.695080896377618,-30031.941637853623,430.94202152703974
4530,453.0,-30042.759765625,10.82334900697296,-30031.936416618028,436.11038999596195
4540,454.0,-30042.60546875,10.6639684073548,-30031.941500342644,429.6883910922506
4550,455.0,-30042.41015625,10.466553997342865,-30031.943602252657,421.73387763383204
4560,456.0,-30042.58984375,10.651579974076952,-30031.938263775923,429.1892180114638
4570,457.0,-30042.59375,10.647757454626188,-30031.945992545374,429.0351954028086
4580,458.0,-30042.4140625,10.467032538136062,-30031.947029961862,421.75315970741343
4590,459.0,-30042.40234375,10.466019865185553,-30031.936323884813,421.7123555907671
4600,460.0,-30042.380859375,10.441756228777049,-30031.939103146222,420.73468925754474
4610,461.0,-30042.494140625,10.54705365192605,-30031.947086973072,424.9774888055863
4620,462.0,-30042.61328125,10.668032882315348,-30031.945248367683,429.85216293024934
4630,463.0,-30042.31640625,10.371239833617405,-30031.945166416383,417.8933383434821
4640,464.0,-30042.205078125,10.267449486102578,-30031.937628638898,413.71126411642484
4650,465.0,-30042.373046875,10.43632206671431,-30031.936724808285,420.51572796054177
4660,466.0,-30042.07421875,10.1254694218683,-30031.94874932813,407.99039332634203
4670,467.0,-30041.705078125,9.769925875356485,-30031.935152249644,393.66430676755886
4680,468.0,-30041.65234375,9.722488477799713,-30031.9298552722,391.75288896743535
4690,469.0,-30041.818359375,9.868615762895551,-30031.949743612106,397.6408657157727
4700,470.0,-30041.873046875,9.927844153230978,-30031.94520272177,400.02738364025015
4710,471.0,-30041.7578125,9.812862582384081,-30031.944949917615,395.39437608666555
4720,472.0,-30041.7578125,9.815124354014424,-30031.942688145984,395.48551073520684
4730,473.0,-30041.861328125,9.922100302942123,-30031.93922782206,399.7959439270951
4740,474.0,-30041.6328125,9.707037022583888,-30031.925775477415,391.1302960753613
4750,475.0,-30041.37890625,9.44732237189756,-30031.931583878104,380.66548915418474
4760,476.0,-30041.224609375,9.291312103585204,-30031.933297271415,374.37929262543537
4770,477.0,-30041.33984375,9.398576720741232,-30031.94126702926,378.7013572646284
4780,478.0,-30041.630859375,9.685223502149226,-30031.94563587285,390.2513534396007
4790,479.0,-30041.638671875,9.704615267869235,-30031.93405660713,391.03271515171167
4800,480.0,-30041.69140625,9.745452239567847,-30031.945954010433,392.67817882864404
4810,481.0,-30042.203125,10.24909579247201,-30031.95402920753,412.97172994064096
4820,482.0,-30042.15625,10.212689099922471,-30031.94356090008,411.50477762523343
4830,483.0,-30041.9609375,10.020446323234452,-30031.940491176767,403.7586472674943
4840,484.0,-30042.1640625,10.22650847453082,-30031.93755402547,412.0616083110096
4850,485.0,-30042.283203125,10.349267941005774,-30031.933935183995,417.00801434167505
4860,486.0,-30042.095703125,10.159617588959184,-30031.93608553604,409.36634179276024
4870,487.0,-30042.09765625,10.156452837996378,-30031.941203412003,409.23882296510897
4880,488.0,-30042.376953125,10.438326637607517,-30031.938626487394,420.5964990964858
4890,489.0,-30042.150390625,10.213432087055379,-30031.936958537946,411.53471516195015
4900,490.0,-30041.900390625,9.958610476042573,-30031.941780148958,401.26706583394656
4910,491.0,-30042.0390625,10.103851345008032,-30031.935211154992,407.1193257922156
4920,492.0,-30042.20703125,10.269486861745452,-30031.937544388256,413.79335706987297
4930,493.0,-30042.115234375,10.176532415038945,-30031.93870195996,410.04789898856035
4940,494.0,-30041.9921875,10.040957929444371,-30031.951229570557,404.5851312492904
4950,495.0,-30042.361328125,10.41781823156929,-30031.94350989343,419.7701440607418
4960,496.0,-30042.63671875,10.690993626507286,-30031.945725123493,430.7773312028138
4970,497.0,-30042.12109375,10.171841110254594,-30031.949252639744,409.8588699959837
4980,498.0,-30041.97265625,10.035797691270083,-30031.93685855873,404.37720729883745
4990,499.0,-30042.224609375,10.283663862105083,-30031.940945512895,414.36459774148284
5000,500.0,-30041.931640625,9.995692366461409,-30031.93594825854,402.7612242207756
5010,501.0,-30041.7265625,9.788224176289077,-30031.93833832371,394.4016089788093
5020,502.0,-30041.89453125,9.957011416203997,-30031.937519833795,401.2026341493193
5030,503.0,-30042.111328125,10.161297536462126,-30031.950030588538,409.4340327228234
5040,504.0,-30042.27734375,10.33559243658585,-30031.941751313414,416.4569806863691
5050,505.0,-30042.107421875,10.167635815725896,-30031.939786059273,409.68942404762
5060,506.0,-30042.244140625,10.29468012758775,-30031.949460497413,414.8084814075135
5070,507.0,-30042.56640625,10.624121153789321,-30031.94228509621,428.0828066025041
5080,508.0,-30042.369140625,10.433999781425971,-30031.935140843572,420.42215500617004
5090,509.0,-30042.0703125,10.130210236544567,-30031.940102263456,408.1814172447275
5100,510.0,-30042.1328125,10.192214838440712,-30031.94059766156,410.6797983924713
5110,511.0,-30042.3125,10.365395439773577,-30031.947104560226,417.65784738066833
5120,512.0,-30042.044921875,10.09503336869949,-30031.9498885063,406.7640188456858
5130,513.0,-30041.74609375,9.807914143849658,-30031.93817960615,395.1949862806334
5140,514.0,-30042.1875,10.245584417483865,-30031.941915582516,412.83024442497333
5150,515.0,-30042.142578125,10.212385450136829,-30031.930192674863,411.492542518858
5160,516.0,-30041.841796875,9.900273898240261,-30031.94152297676,398.9164821393798
5170,517.0,-30041.875,9.92901246800498,-30031.945987531995,400.0744591075016
5180,518.0,-30042.251953125,10.300833556383132,-30031.951119568617,415.05642446377436
5190,519.0,-30042.486328125,10.555823134305625,-30031.930504990694,425.33084176298934
5200,520.0,-30042.24609375,10.300835586609116,-30031.945258163392,415.0565062686432
5210,521.0,-30042.416015625,10.470027413233547,-30031.945988211766,421.87383364538886
5220,522.0,-30042.751953125,10.79600345640495,-30031.955949668594,435.0085426181138
5230,523.0,-30042.544921875,10.611859049540588,-30031.93306282546,427.5887237578466
5240,524.0,-30042.40234375,10.468196660906145,-30031.934147089094,421.80006626424137
5250,525.0,-30042.4296875,10.483432407706278,-30031.946255092294,422.4139675137165
5260,526.0,-30042.49609375,10.551725412486743,-30031.944368337514,425.16573029339
5270,527.0,-30042.537109375,10.597995199484696,-30031.939114175515,427.0301010015421
5280,528.0,-30042.24609375,10.283920845413853,-30031.962172904587,414.37495249313486
5290,529.0,-30042.138671875,10.177912967104174,-30031.960758907895,410.1035262347287
5300,530.0,-30042.115234375,10.171582029019905,-30031.94365234598,409.84843071159696
5310,531.0,-30042.16796875,10.221017591254835,-30031.946951158745,411.8403615189705
5320,532.0,-30042.140625,10.207554799834172,-30031.933070200164,411.29789881051335
5330,533.0,-30042.208984375,10.26831829464571,-30031.940666080354,413.74627143553954
5340,534.0,-30042.490234375,10.557794381228689,-30031.932439993772,425.4102701602296
5350,535.0,-30042.572265625,10.63248170089459,-30031.939783924106,428.41968213486564
5360,536.0,-30042.419921875,10.49698248375719,-30031.922939391243,422.95994722362246
5370,537.0,-30042.521484375,10.58089759682628,-30031.940586778175,426.3411791014394
5380,538.0,-30042.509765625,10.577438006000019,-30031.932327619,426.20178014983077
5390,539.0,-30042.36328125,10.425052503209349,-30031.938228746792,420.0616380358737
5400,540.0,-30042.201171875,10.267378586087307,-30031.933793288914,413.70840730812176
5410,541.0,-30042.037109375,10.094796022252364,-30031.94231335275,406.75445533151355
5420,542.0,-30042.060546875,10.114169816957077,-30031.946377058044,407.5350929288903
5430,543.0,-30042.173828125,10.229678215055275,-30031.944149909945,412.18932818546017
5440,544.0,-30042.02734375,10.07934424854536,-30031.947999501455,406.1318496063217
5450,545.0,-30041.9921875,10.042904687093875,-30031.949282812908,404.6635728884915
5460,546.0,-30042.197265625,10.26388739439535,-30031.933378230606,413.56773504768285
5470,547.0,-30042.177734375,10.243319248340903,-30031.93441512666,412.7389728788273
5480,548.0,-30041.8671875,9.933068543760395,-30031.93411895624,400.23789251230147
5490,549.0,-30041.947265625,10.00840899882732,-30031.938856626173,403.27362158474864
5500,550.0,-30042.123046875,10.188933663502784,-30031.934113211497,410.54758843777955
5510,551.0,-30041.919921875,9.967642663748713,-30031.95227921125,401.6310041030076
5520,552.0,-30041.681640625,9.739771544624244,-30031.941869080376,392.4492838640904
5530,553.0,-30041.91796875,9.983274752917279,-30031.934693997082,402.26087536553115
5540,554.0,-30041.89453125,9.942869273174185,-30031.951661976826,400.6327980008096
5550,555.0,-30041.626953125,9.694354006096905,-30031.932599118903,390.61925321211254
5560,556.0,-30041.736328125,9.808236405818754,-30031.928091719183,395.20797133663893
5570,557.0,-30041.77734375,9.842278869736752,-30031.935064880265,396.5796606544404
5580,558.0,-30041.6796875,9.7402691036411,-30031.93941839636,392.46933224807464
5590,559.0,-30041.728515625,9.797002532259171,-30031.931513092743,394.75531948404887
5600,560.0,-30041.724609375,9.777808033477521,-30031.94680134152,393.98190634325033
5610,561.0,-30041.828125,9.889641743301457,-30031.938483256698,398.4880756236265
5620,562.0,-30041.892578125,9.94261091399802,-30031.949967211003,400.6223878106731
5630,563.0,-30042.0390625,10.097100367173594,-30031.941962132827,406.8473054060732
5640,564.0,-30042.30078125,10.363686078138477,-30031.937095171863,417.5889712528776
5650,565.0,-30042.306640625,10.37172156215988,-30031.93491906284,417.9127488625734
5660,566.0,-30042.455078125,10.513226516088848,-30031.94185160891,423.6144758053676
5670,567.0,-30042.76171875,10.814253365496981,-30031.947465384503,435.7438949537346
5680,568.0,-30042.583984375,10.64649173430284,-30031.937492640696,428.9841951270635
5690,569.0,-30042.2578125,10.327802435313316,-30031.930010064687,416.14309443075217
5700,570.0,-30042.275390625,10.336633575146962,-30031.938757049855,416.4989317815092
5710,571.0,-30042.1953125,10.252026536219715,-30031.94328596378,413.08981980339655
5720,572.0,-30041.875,9.932462416709585,-30031.94253758329,400.2134695444802
5730,573.0,-30041.76953125,9.832902043188597,-30031.93662920681,396.2018356873063
5740,574.0,-30042.083984375,10.148358813485615,-30031.935625561513,408.9126865554125
5750,575.0,-30042.291015625,10.341973626888073,-30031.949041998112,416.71410104620855
5760,576.0,-30042.134765625,10.19746004525684,-30031.937305579744,410.89114602514184
5770,577.0,-30042.099609375,10.168441350397234,-30031.931168024603,409.7218818422865
5780,578.0,-30042.138671875,10.192492705534319,-30031.946179169467,410.6909946244769
5790,579.0,-30041.685546875,9.741807856150356,-30031.94373901885,392.5313339405717
5800,580.0,-30041.515625,9.576392274041678,-30031.93923272596,385.86616459434174
5810,581.0,-30041.388671875,9.443336098181986,-30031.945335776818,380.5048683164376
5820,582.0,-30041.265625,9.311814988282462,-30031.953810011717,375.2054251871409
5830,583.0,-30041.552734375,9.600923922132345,-30031.95181045287,386.85463005075195
5840,584.0,-30041.474609375,9.53403088176517,-30031.940578493235,384.159276708293
5850,585.0,-30041.384765625,9.455030363504372,-30031.929735261496,380.97607095502724
5860,586.0,-30041.65234375,9.70038741122394,-30031.951956338777,390.86236009716816
5870,587.0,-30041.76953125,9.824328403610624,-30031.94520284639,395.8563739177906
5880,588.0,-30041.54296875,9.60444348797325,-30031.938525262027,386.9964456043763
5890,589.0,-30041.31640625,9.373116802200872,-30031.943289447798,377.6754885619978
5900,590.0,-30041.65625,9.70271886219495,-30031.953531137806,390.9563023687856
5910,591.0,-30041.873046875,9.933268804192704,-30031.939778070806,400.24596170190057
5920,592.0,-30041.458984375,9.514568838359796,-30031.94441553664,383.37508326371614
5930,593.0,-30041.5234375,9.573573805509877,-30031.94986369449,385.7525986906826
5940,594.0,-30041.91015625,9.978009813487411,-30031.932146436513,402.0487326371958
5950,595.0,-30041.99609375,10.05447446787601,-30031.941619282123,405.1297596118259
5960,596.0,-30041.7109375,9.777430801426842,-30031.933506698573,393.96670635139617
5970,597.0,-30041.720703125,9.775906873825784,-30031.944796251173,393.90530200603183
5980,598.0,-30042.365234375,10.419208948316841,-30031.94602542668,419.82618087732766
5990,599.0,-30042.30078125,10.357926377080371,-30031.94285487292,417.35689285707866
6000,600.0,-30041.732421875,9.801841703623627,-30031.930580171378,394.9503065356214
6010,601.0,-30042.021484375,10.073003969065013,-30031.948480405936,405.87637768583977
6020,602.0,-30042.453125,10.512571762739174,-30031.940553237262,423.5880935147759
6030,603.0,-30042.07421875,10.13711281256019,-30031.93710593744,408.45954604905705
6040,604.0,-30041.759765625,9.829103500495357,-30031.930662124505,396.0487791856359
6050,605.0,-30041.892578125,9.953200467612582,-30031.93937765739,401.0490777708466
6060,606.0,-30041.97265625,10.0284360929235,-30031.94422015708,404.08058288768206
6070,607.0,-30041.912109375,9.966682564238987,-30031.945426810762,401.5923183532132
6080,608.0,-30041.712890625,9.772335948565878,-30031.940554676436,393.76141700271717
6090,609.0,-30041.654296875,9.713826937432191,-30031.940469937566,391.40388536926883
6100,610.0,-30041.888671875,9.951303411763403,-30031.937368463237,400.9726387901119
6110,611.0,-30041.845703125,9.904200368777122,-30031.941502756225,399.07469329897884
6120,612.0,-30041.4453125,9.498558861912457,-30031.946753638087,382.7299856079187
6130,613.0,-30041.505859375,9.563698218764117,-30031.942161156236,385.3546769398125
6140,614.0,-30042.048828125,10.111826581895654,-30031.937001543105,407.44067583526885
6150,615.0,-30041.849609375,9.911095075656451,-30031.938514299345,399.35250502842734
6160,616.0,-30041.431640625,9.490237249124759,-30031.941403375877,382.3946788746793
6170,617.0,-30041.890625,9.946775266305652,-30031.943849733696,400.79018405449665
6180,618.0,-30042.05078125,10.110844097172587,-30031.939937152827,407.40108810734233
6190,619.0,-30041.68359375,9.745605901200971,-30031.9379878488,392.6843703904893
6200,620.0,-30041.91796875,9.984729803269175,-30031.93323894673,402.31950440687694
6210,621.0,-30042.390625,10.443252458374591,-30031.947372541625,420.7949775539757
6220,622.0,-30042.296875,10.359729338512215,-30031.937145661486,417.4295404463491
6230,623.0,-30042.275390625,10.337812189821914,-30031.93757843518,416.5464222676071
6240,624.0,-30042.521484375,10.591404223940017,-30031.93008015106,426.76452766436233
6250,625.0,-30042.76953125,10.829230850418194,-30031.940300399583,436.34738993351766
6260,626.0,-30042.48828125,10.542357545187851,-30031.94592370481,424.78826632558133
6270,627.0,-30042.3984375,10.452304297352516,-30031.946133202648,421.1597076411511
6280,628.0,-30042.736328125,10.787871967875224,-30031.948456157126,434.6808966527419
6290,629.0,-30042.544921875,10.6018293340194,-30031.94309254098,427.1845916223425
6300,630.0,-30042.369140625,10.426394454876181,-30031.942746170123,420.1157099376854
6310,631.0,-30042.576171875,10.642304661833313,-30031.933867213167,428.81548340886513
6320,632.0,-30042.580078125,10.638180598682712,-30031.941897526318,428.6493105553595
6330,633.0,-30042.41015625,10.46777614800619,-30031.942380101995,421.7831223363795
6340,634.0,-30042.275390625,10.336679608193146,-30031.938711016806,416.50078661310624
6350,635.0,-30042.404296875,10.461742680496577,-30031.942554194502,421.54001293771285
6360,636.0,-30042.140625,10.199444803015062,-30031.941180196984,410.9711188209399
6370,637.0,-30041.982421875,10.044692323120241,-30031.93772955188,404.7356029638524
6380,638.0,-30042.27734375,10.329605064160305,-30031.947738685838,416.2157286190216
6390,639.0,-30042.1328125,10.199117684715045,-30031.933694815285,410.95793808646454
6400,640.0,-30041.953125,10.011152971418287,-30031.94197202858,403.38418578775213
6410,641.0,-30042.05078125,10.10658592660772,-30031.94419532339,407.22951159950566
6420,642.0,-30042.0234375,10.0770467958634,-30031.946390704135,406.0392772440629
6430,643.0,-30041.640625,9.700832459235059,-30031.939792540765,390.8802926300257
6440,644.0,-30041.548828125,9.603210174390682,-30031.94561795061,386.9467511089725
6450,645.0,-30041.8984375,9.955169616997317,-30031.943267883,401.12842165096947
6460,646.0,-30041.6875,9.74206034641358,-30031.945439653588,392.5415076517857
6470,647.0,-30041.19921875,9.26862068788187,-30031.930598062117,373.464976534772
6480,648.0,-30041.462890625,9.52271220440171,-30031.9401784206,383.7032078153804
6490,649.0,-30041.54296875,9.595599248545307,-30031.947369501453,386.6400804253866
6500,650.0,-30040.96484375,9.02836125202641,-30031.936482497975,363.78408791114634
6510,651.0,-30040.9296875,8.981089643278086,-30031.94859785672,361.8793503189568
6520,652.0,-30041.376953125,9.44040625920815,-30031.936546865792,380.38681491016916
6530,653.0,-30041.34375,9.398848553834497,-30031.944901446164,378.71231036576575
6540,654.0,-30041.21875,9.271861958540358,-30031.94688804146,373.59557860720304
6550,655.0,-30041.482421875,9.547507271752087,-30031.934914603247,384.70228735029906
6560,656.0,-30041.607421875,9.656877170654901,-30031.950544704345,389.10918111613773
6570,657.0,-30041.34765625,9.402645855962835,-30031.945010394036,378.8653168807598
6580,658.0,-30041.3828125,9.43263306820717,-30031.95017943179,380.07360599888244
6590,659.0,-30041.6640625,9.719779484229703,-30031.94428301577,391.64373419089134
6600,660.0,-30041.55859375,9.620436305422375,-30031.938157444576,387.64085186443305
6610,661.0,-30041.654296875,9.71554559040672,-30031.938751284593,391.47313587745316
6620,662.0,-30042.205078125,10.260045875950611,-30031.94503224905,413.41294690345575
6630,663.0,-30042.08984375,10.157253331358483,-30031.93259041864,409.2710776278859
6640,664.0,-30041.81640625,9.876163841094254,-30031.940242408906,397.94500404900356
6650,665.0,-30041.958984375,10.01068199590305,-30031.948302379096,403.36520854554215
6660,666.0,-30042.01953125,10.07608194932676,-30031.943449300674,406.00040022003736
6670,667.0,-30041.86328125,9.914112517960584,-30031.94916873204,399.4740882776784
6680,668.0,-30041.548828125,9.61299879651694,-30031.935829328482,387.3411687527402
6690,669.0,-30041.8125,9.87325622605306,-30031.939243773948,397.8278461223067
6700,670.0,-30042.30078125,10.367660492646705,-30031.933120757352,417.7491142418981
6710,671.0,-30042.134765625,10.185416825923118,-30031.949348799077,410.4058828152932
6720,672.0,-30041.91796875,9.976350375712961,-30031.941618374287,401.98186811545463
6730,673.0,-30042.3203125,10.37380036245339,-30031.946512137547,417.9965109593275
6740,674.0,-30042.5625,10.616373653891563,-30031.94612634611,427.7706328751552
6750,675.0,-30042.224609375,10.290079451294215,-30031.934529923707,414.6231041521625
6760,676.0,-30042.1015625,10.15969051875702,-30031.941871981242,409.3692803880653
6770,677.0,-30042.369140625,10.43165385820449,-30031.937486766794,420.3276295972267
6780,678.0,-30042.45703125,10.520355848469823,-30031.936675401532,423.9017414126278
6790,679.0,-30042.048828125,10.094226524981782,-30031.954601600017,406.7315083049864
6800,680.0,-30041.892578125,9.950190596879382,-30031.94238752812,400.92779960653286
6810,681.0,-30042.173828125,10.23370095284183,-30031.940127172158,412.35141828749937
6820,682.0,-30042.255859375,10.311553601583034,-30031.944305773417,415.4883723839506
6830,683.0,-30042.37109375,10.420101936312935,-30031.950991813686,419.8621624707316
6840,684.0,-30042.67578125,10.737880080481244,-30031.93790116952,432.6665495690456
6850,685.0,-30042.966796875,11.029666200935573,-30031.937130674065,444.4236275958897
6860,686.0,-30043.3125,11.365883100134884,-30031.946616899866,457.9709762897717
6870,687.0,-30043.259765625,11.322480727087886,-30031.93728489791,456.222143666516
6880,688.0,-30043.03515625,11.09838620706039,-30031.93677004294,447.19259574542554
6890,689.0,-30043.279296875,11.337622086692953,-30031.941674788308,456.83224172749334
6900,690.0,-30043.36328125,11.423036659202468,-30031.940244590798,460.27389204334884
6910,691.0,-30042.978515625,11.038645549341796,-30031.939870075657,444.78543678570924
6920,692.0,-30042.662109375,10.72662166869881,-30031.9354877063,432.2129089860792
6930,693.0,-30042.83203125,10.893606004834387,-30031.938425245167,438.9412888903386
6940,694.0,-30042.7734375,10.829653664943827,-30031.943783835057,436.3644266018863
6950,695.0,-30042.306640625,10.367372606969202,-30031.93926801803,417.7375143262889
6960,696.0,-30042.421875,10.479770742173587,-30031.942104257825,422.26642626909177
6970,697.0,-30042.81640625,10.863260620712648,-30031.953145629286,437.71856778106064
6980,698.0,-30042.55859375,10.611603676924558,-30031.946990073076,427.5784339066093
6990,699.0,-30042.443359375,10.507755263498693,-30031.935604111502,423.3940200019631
7000,700.0,-30042.65234375,10.698025748189139,-30031.95431800181,431.0606798527738
7010,701.0,-30042.478515625,10.534928090266938,-30031.943587534734,424.4889077369477
7020,702.0,-30042.361328125,10.41693339170306,-30031.9443947333,419.73449078384044
7030,703.0,-30042.513671875,10.569796370506085,-30031.943875504494,425.893872067654
7040,704.0,-30042.4453125,10.501892932284871,-30031.943419567717,423.15780628010145
7050,705.0,-30042.29296875,10.352877264454865,-30031.940091485547,417.15344654163374
7060,706.0,-30042.298828125,10.359304109352639,-30031.93952401565,417.41240648397746
7070,707.0,-30042.005859375,10.059646562657663,-30031.94621281234,405.33816130624314
7080,708.0,-30041.671875,9.743876465239538,-30031.92799853476,392.6146853982445
7090,709.0,-30041.8125,9.874243216075026,-30031.938256783924,397.8676153844015
7100,710.0,-30041.89453125,9.95797686890289,-30031.936554381096,401.241535597731
7110,711.0,-30041.623046875,9.686797694180973,-30031.93624918082,390.31478311376634
7120,712.0,-30041.833984375,9.890510984680615,-30031.943473390318,398.5231003832107
7130,713.0,-30042.154296875,10.21385906962342,-30031.940437805377,411.5519197752496
7140,714.0,-30041.87890625,9.941777612118567,-30031.93712863788,400.588811178579
7150,715.0,-30041.72265625,9.784250071097683,-30031.938406178902,394.24147845324023
7160,716.0,-30041.90625,9.9693907086154,-30031.936859291385,401.70143891279247
7170,717.0,-30041.736328125,9.79138219575563,-30031.944945929245,394.5288565710551
7180,718.0,-30041.537109375,9.593147891604318,-30031.943961483397,386.54130672504067
7190,719.0,-30041.693359375,9.752461472698297,-30031.940897902303,392.96060521923016
7200,720.0,-30041.74609375,9.79667837471381,-30031.949415375286,394.7422580486802
7210,721.0,-30041.560546875,9.623074855286564,-30031.937472019712,387.7471682189693
7220,722.0,-30041.580078125,9.638464939841745,-30031.941613185158,388.36728827359445
7230,723.0,-30041.912109375,9.975693166031123,-30031.93641620897,401.9553868506935
7240,724.0,-30041.865234375,9.912092877694157,-30031.953141497306,399.3927099442554
7250,725.0,-30041.583984375,9.64098569549185,-30031.942998679508,388.46885828939486
7260,726.0,-30041.880859375,9.935021786332433,-30031.945837588668,400.31659545159494
7270,727.0,-30042.107421875,10.170631985204494,-30031.936789889794,409.81015014071403
7280,728.0,-30041.720703125,9.780873839584547,-30031.939829285417,394.1054383383958
7290,729.0,-30041.646484375,9.701371777828712,-30031.945112597172,390.90202365265634
7300,730.0,-30041.708984375,9.768564881352205,-30031.940419493647,393.609467583716
7310,731.0,-30041.806640625,9.862199593656289,-30031.944441031344,397.382335932855
7320,732.0,-30041.69921875,9.765947555956195,-30031.933271194044,393.5040064368506
7330,733.0,-30041.4453125,9.509051906251083,-30031.93626059375,383.1527868735727
7340,734.0,-30041.8359375,9.887255443195205,-30031.948682056805,398.39192328950935
7350,735.0,-30042.060546875,10.114380526120055,-30031.94616634888,407.54358313420323
7360,736.0,-30041.705078125,9.75541320223887,-30031.949664922762,393.07954067259794
7370,737.0,-30041.783203125,9.839718038025868,-30031.943485086973,396.4764758347115
7380,738.0,-30042.23828125,10.292757185875981,-30031.945524064125,414.7309993953084
7390,739.0,-30042.109375,10.159361933012072,-30031.950013066988,409.3560405251278
7400,740.0,-30041.974609375,10.03704395744039,-30031.93756541756,404.4274236990682
7410,741.0,-30042.6171875,10.679762434861592,-30031.937425065138,430.3247874138657
7420,742.0,-30042.634765625,10.684316680162455,-30031.950448944837,430.5082938029711
7430,743.0,-30042.146484375,10.207145634151303,-30031.93933874085,411.2814121015091
7440,744.0,-30042.44140625,10.50206889223057,-30031.93933735777,423.1648963185445
7450,745.0,-30042.623046875,10.68553151196421,-30031.937515363035,430.55724360312087
7460,746.0,-30042.255859375,10.30463968235177,-30031.951219692648,415.2097865219956
7470,747.0,-30042.046875,10.105276053881024,-30031.94159894612,407.1767322698069
7480,748.0,-30042.259765625,10.320064996400484,-30031.939700628598,415.8313260954919
7490,749.0,-30042.443359375,10.503478336854105,-30031.939881038146,423.22168774641506
7500,750.0,-30042.357421875,10.40988083065129,-30031.94754104435,419.45031856055016
7510,751.0,-30042.333984375,10.405506727174629,-30031.928477647827,419.2740707123231
7520,752.0,-30042.794921875,10.855879124400275,-30031.9390427506,437.4211416116311
7530,753.0,-30043.021484375,11.081018607882793,-30031.94046576712,446.4927947461456
7540,754.0,-30042.931640625,10.99330124795098,-30031.938339377048,442.95835711278147
7550,755.0,-30043.037109375,11.090452756134123,-30031.946656618868,446.8729294041444
7560,756.0,-30043.00390625,11.055861060236507,-30031.948045189765,445.4791096188994
7570,757.0,-30042.80859375,10.873550978345152,-30031.935042771656,438.13320209410165
7580,758.0,-30042.671875,10.729156789378617,-30031.942718210623,432.3150578189077
7590,759.0,-30042.548828125,10.606353793338139,-30031.942474331663,427.3668978305914
7600,760.0,-30042.513671875,10.56641457134614,-30031.947257303655,425.7576076129477
7610,761.0,-30042.552734375,10.616072457628189,-30031.93666191737,427.75849662972865
7620,762.0,-30042.55078125,10.610884661490665,-30031.93989658851,427.5494622730524
7630,763.0,-30042.765625,10.811228251509892,-30031.95439674849,435.6220025856845
7640,764.0,-30042.71484375,10.770761488387263,-30031.944082261612,433.9914559003736
7650,765.0,-30042.53515625,10.595031840035272,-30031.940124409964,426.9106969386819
7660,766.0,-30042.6171875,10.674879876626374,-30031.942307623372,430.1280521543109
7670,767.0,-30042.53515625,10.589731242778846,-30031.94542500722,426.69711743244756
7680,768.0,-30042.291015625,10.350725304755644,-30031.940290320243,417.06673659787435
7690,769.0,-30042.197265625,10.257913610663188,-30031.93935201434,413.32703051607194
7700,770.0,-30042.287109375,10.34550452343094,-30031.94160485157,416.85637315323874
7710,771.0,-30042.091796875,10.16332557001802,-30031.928471304982,409.5157492510825
7720,772.0,-30041.841796875,9.892548425607032,-30031.949248449393,398.60519596715994
7730,773.0,-30042.03125,10.089450891357197,-30031.94179910864,406.539081410025
7740,774.0,-30042.14453125,10.203206454975609,-30031.941324795025,411.1226888666334
7750,775.0,-30041.7578125,9.824787728410696,-30031.933024771588,395.8748817121494
7760,776.0,-30041.8046875,9.856455512297101,-30031.948231987702,397.1508869090723
7770,777.0,-30042.24609375,10.311422929099091,-30031.9346708209,415.48310713491384
7780,778.0,-30042.095703125,10.158531592696656,-30031.937171532303,409.3225832247532
7790,779.0,-30041.8125,9.867031027413022,-30031.945468972586,397.5770112092904
7800,780.0,-30042.009765625,10.079997321035883,-30031.929768303966,406.15816416924986
7810,781.0,-30042.060546875,10.121027599697914,-30031.939519275304,407.81141685632605
7820,782.0,-30041.798828125,9.860040657328597,-30031.938787467672,397.29534487646026
7830,783.0,-30041.705078125,9.74810944332324,-30031.956968681676,392.78524681336086
7840,784.0,-30042.212890625,10.274572532340013,-30031.93831809266,413.99827643309
7850,785.0,-30042.37890625,10.430783702493772,-30031.948122547507,420.2925679960426
7860,786.0,-30042.037109375,10.100581957823703,-30031.936527417176,406.9875908071304
7870,787.0,-30042.298828125,10.358650335236831,-30031.940177789762,417.3860636501253
7880,788.0,-30042.6171875,10.676595834445447,-30031.940591665556,430.1971940653045
7890,789.0,-30042.275390625,10.325593460504507,-30031.949797164496,416.05408714985043
7900,790.0,-30041.7734375,9.821998118617199,-30031.951439381384,395.7624786274669
7910,791.0,-30041.84375,9.900007221658896,-30031.94374277834,398.9057368120484
7920,792.0,-30041.849609375,9.90690156920515,-30031.942707805796,399.1835340627171
7930,793.0,-30041.32421875,9.385348643873929,-30031.938870106125,378.1683520221864
7940,794.0,-30040.98828125,9.041929798602958,-30031.946351451395,364.33081186279605
7950,795.0,-30041.400390625,9.4583949695369,-30031.941995655463,381.11164263880863
7960,796.0,-30041.767578125,9.824938939444591,-30031.942639185556,395.88097453082514
7970,797.0,-30041.517578125,9.569875151637167,-30031.947702973364,385.60356705714213
7980,798.0,-30041.755859375,9.810245257060572,-30031.94561411794,395.28891494272136
7990,799.0,-30042.4296875,10.489282924972521,-30031.940404575027,422.6497052105251
8000,800.0,-30042.693359375,10.747932267256814,-30031.945427107745,433.0715871495747
8010,801.0,-30042.330078125,10.392159981589462,-30031.93791814341,418.73628389434526
8020,802.0,-30042.54296875,10.605576873845697,-30031.937391876156,427.3355930410456
8030,803.0,-30043.0546875,11.105063091233822,-30031.949624408768,447.4616306401663
8040,804.0,-30042.498046875,10.565649952941754,-30031.932396922057,425.7267984770398
8050,805.0,-30042.099609375,10.158909285853973,-30031.940700089144,409.33780179619816
8060,806.0,-30042.369140625,10.435281767199141,-30031.9338588578,420.4738106734821
8070,807.0,-30042.4375,10.497105801038892,-30031.940394198962,422.96491610596945
8080,808.0,-30042.18359375,10.237894033612614,-30031.945699716387,412.5203721010605
8090,809.0,-30042.041015625,10.100252950482346,-30031.940762674516,406.97433395660676
8100,810.0,-30042.140625,10.202809065919443,-30031.93781593408,411.1066766788943
8110,811.0,-30042.294921875,10.353452290894017,-30031.941469584104,417.1766163576006
8120,812.0,-30042.138671875,10.191189723554388,-30031.947482151445,410.63849294694074
8130,813.0,-30041.78515625,9.84103415714048,-30031.94412209286,396.529506853113
8140,814.0,-30042.033203125,10.092282103252426,-30031.94092102175,406.6531607881356
8150,815.0,-30042.4140625,10.46569517114952,-30031.94836732885,421.69927253832253
8160,816.0,-30042.150390625,10.206006969970902,-30031.94438365503,411.2355313598395
8170,817.0,-30041.958984375,10.00405037070643,-30031.954934004294,403.09799729245015
8180,818.0,-30042.28515625,10.343891333092584,-30031.941264916906,416.79137210160997
8190,819.0,-30042.419921875,10.481022353175444,-30031.938899521825,422.31685803118233
8200,820.0,-30041.93359375,9.9900823038353,-30031.943511446163,402.5351752780502
8210,821.0,-30041.6875,9.728602814002517,-30031.958897185996,391.9992568471234
8220,822.0,-30041.935546875,9.980721960168774,-30031.954824914832,402.1580144635671
8230,823.0,-30041.759765625,9.811482913336288,-30031.948282711663,395.338784420342
8240,824.0,-30041.478515625,9.531874886991353,-30031.94664073801,384.0724041773386
8250,825.0,-30041.52734375,9.586292567877212,-30031.941051182122,386.26508187982404
8260,826.0,-30041.810546875,9.874629376800176,-30031.9359174982,397.88317514361626
8270,827.0,-30041.81640625,9.876449771819763,-30031.93995647818,397.9565251927949
8280,828.0,-30041.833984375,9.896272848037079,-30031.937711526964,398.755265905534
8290,829.0,-30042.125,10.173181525939164,-30031.95181847406,409.91288000772573
8300,830.0,-30042.263671875,10.323171579691891,-30031.94050029531,415.95650114527524
8310,831.0,-30042.337890625,10.389715539182639,-30031.948175085818,418.6377888046392
8320,832.0,-30042.42578125,10.485258208951617,-30031.94052304105,422.48753539854096
8330,833.0,-30042.654296875,10.716809802730728,-30031.937487072268,431.81755476705035
8340,834.0,-30042.79296875,10.853881068016808,-30031.93908768198,437.340632967951
8350,835.0,-30042.80078125,10.859868844729732,-30031.94091240527,437.58190132544365
8360,836.0,-30042.88671875,10.94711686923613,-30031.939601880764,441.09742780152317
8370,837.0,-30043.021484375,11.072455197019991,-30031.94902917798,446.1477451271537
8380,838.0,-30042.841796875,10.89807774135665,-30031.943719133644,439.1214707136751
8390,839.0,-30042.6328125,10.701240243181195,-30031.931572256817,431.1902030404417
8400,840.0,-30042.59375,10.658836666627371,-30031.934913333374,429.48161540308496
8410,841.0,-30042.5,10.556151898685144,-30031.943848101313,425.3440888237352
8420,842.0,-30042.478515625,10.537294054368827,-30031.941221570632,424.5842406626924
8430,843.0,-30042.36328125,10.426460037171351,-30031.93682121283,420.11835247654324
8440,844.0,-30042.369140625,10.429459536820005,-30031.93968108818,420.23921275377575
8450,845.0,-30042.505859375,10.567883908245351,-30031.937975466753,425.816812308993
8460,846.0,-30042.451171875,10.515036160572855,-30031.936135714426,423.6873926780625
8470,847.0,-30042.3984375,10.446739764765333,-30031.951697735236,420.9354932621102
8480,848.0,-30042.4453125,10.504399243528423,-30031.940913256472,423.25879428050433
8490,849.0,-30042.568359375,10.616211089440213,-30031.95214828556,427.7640825877874
8500,850.0,-30042.607421875,10.65797804169013,-30031.94944383331,429.4470184168842
8510,851.0,-30042.365234375,10.424444439760567,-30031.94078993524,420.0371370438407
8520,852.0,-30042.201171875,10.26124908797279,-30031.939922787027,413.46142850225675
8530,853.0,-30042.255859375,10.307293056866488,-30031.948566318133,415.3167002132823
8540,854.0,-30042.193359375,10.255287944034592,-30031.938071430966,413.2212332719233
8550,855.0,-30042.107421875,10.161988958076224,-30031.945432916924,409.46189250537145
8560,856.0,-30042.09765625,10.150728336738908,-30031.94692791326,409.008162891751
8570,857.0,-30042.435546875,10.498757983814912,-30031.936788891184,423.03148829858105
8580,858.0,-30042.859375,10.91240462069077,-30031.946970379307,439.69875053065255
8590,859.0,-30042.8203125,10.884697921063786,-30031.935614578935,438.5823512006448
8600,860.0,-30042.89453125,10.94986278926465,-30031.944668460736,441.2080704735616
8610,861.0,-30043.203125,11.261494200167691,-30031.941630799833,453.76478430181936
8620,862.0,-30043.154296875,11.217968102635176,-30031.936328772365,452.0109663885581
8630,863.0,-30043.1015625,11.163877058606683,-30031.937685441393,449.8314500215485
8640,864.0,-30043.1171875,11.174350780393903,-30031.942836719605,450.2534727143759
8650,865.0,-30043.076171875,11.126936388785149,-30031.949235486216,448.34298190394435
8660,866.0,-30043.033203125,11.094728516489766,-30031.93847460851,447.0452146658529
8670,867.0,-30042.96875,11.029257355884647,-30031.939492644116,444.40715380626204
8680,868.0,-30042.599609375,10.658252583232585,-30031.94135679177,429.45808065086305
8690,869.0,-30042.546875,10.600139455587932,-30031.94673554441,427.11650054061556
8700,870.0,-30042.986328125,11.032852886331908,-30031.953475238668,444.5520302381859
8710,871.0,-30043.01953125,11.091526384392182,-30031.928004865607,446.9161896222184
8720,872.0,-30042.814453125,10.870679742379942,-30031.94377338262,438.01751000695265
8730,873.0,-30043.025390625,11.088054077775105,-30031.937336547224,446.7762783071547
8740,874.0,-30043.03515625,11.096960894744242,-30031.938195355255,447.13516495300996
8750,875.0,-30042.59375,10.662722327338109,-30031.93102767266,429.6381821927967
8760,876.0,-30042.30859375,10.371296302315091,-30031.937297447686,417.89561366378774
8770,877.0,-30042.365234375,10.417424082001794,-30031.947810292997,419.75426240327266
8780,878.0,-30042.5703125,10.626334562007212,-30031.943977937994,428.17199252088324
8790,879.0,-30042.529296875,10.59151545992646,-30031.937781415072,426.769009749288
8800,880.0,-30042.400390625,10.458648590116765,-30031.941742034884,421.4153412708052
8810,881.0,-30042.529296875,10.586768927871365,-30031.94252794713,426.5777554578166
8820,882.0,-30042.76171875,10.812867759414859,-30031.948850990586,435.68806406364075
8830,883.0,-30042.59765625,10.660003763293483,-30031.937652486708,429.5286417885312
8840,884.0,-30042.361328125,10.409270527793083,-30031.952057597206,419.4257273349197
8850,885.0,-30042.609375,10.666188368124729,-30031.943186631874,429.77784103575016
8860,886.0,-30042.8828125,10.93885634060564,-30031.943956159394,440.7645823615124
8870,887.0,-30042.810546875,10.872596546088788,-30031.937950328913,438.09474469766366
8880,888.0,-30042.802734375,10.85559313583529,-30031.947141239165,437.40961813728603
8890,889.0,-30042.9609375,11.017977308278427,-30031.94296019172,443.9526414406761
8900,890.0,-30043.1328125,11.191488098389705,-30031.94132440161,450.9439948836064
8910,891.0,-30043.162109375,11.224088944971939,-30031.93802043003,452.25759642302063
8920,892.0,-30042.892578125,10.959141043332092,-30031.93343708167,441.581923612477
8930,893.0,-30042.876953125,10.931438262636306,-30031.945514862364,440.4656821898426
8940,894.0,-30043.2421875,11.30145119039414,-30031.940736309607,455.37479046345146
8950,895.0,-30043.02734375,11.083254934909347,-30031.94408881509,446.5829041430689
8960,896.0,-30042.50390625,10.565707077848552,-30031.938199172153,425.7291002382937
8970,897.0,-30042.7265625,10.786731304084674,-30031.939831195916,434.63493533982194
8980,898.0,-30043.04296875,11.105618787700486,-30031.9373499623,447.48402158428536
8990,899.0,-30042.796875,10.851639176479114,-30031.94523582352,437.25029935751286
9000,900.0,-30042.580078125,10.630008141140813,-30031.95006998386,428.3200138059405
9010,901.0,-30042.953125,11.012740844416037,-30031.940384155583,443.74164609203166
9020,902.0,-30042.94140625,10.997002172498181,-30031.9444040775,443.10748023969774
9030,903.0,-30042.48046875,10.543905342570874,-30031.936563407427,424.850632467513
9040,904.0,-30042.279296875,10.344400286207847,-30031.93489658879,416.8118795934634
9050,905.0,-30042.16015625,10.225482742730957,-30031.93467350727,412.0202780078861
9060,906.0,-30042.072265625,10.143966725558023,-30031.928298899442,408.7357140510828
9070,907.0,-30041.87109375,9.931086159253674,-30031.940007590747,400.15801534306377
9080,908.0,-30041.623046875,9.679602204536117,-30031.943444670465,390.02485180015833
9090,909.0,-30041.650390625,9.703050145929355,-30031.94734047907,390.9696509431056
9100,910.0,-30041.888671875,9.944363848052737,-30031.94430802695,400.693019622855
9110,911.0,-30041.94140625,9.994826902883325,-30031.946579347117,402.7263516819411
9120,912.0,-30041.818359375,9.868439624297329,-30031.949919750703,397.63376847879783
9130,913.0,-30042.08984375,10.148931806794486,-30031.940911943206,408.93577444948636
9140,914.0,-30042.26953125,10.324853852889749,-30031.94467739711,416.02428578567856
9150,915.0,-30041.951171875,10.014495961985212,-30031.936675913013,403.518886509216
9160,916.0,-30041.853515625,9.913037295604603,-30031.940478329394,399.4307638278526
9170,917.0,-30041.943359375,10.004214317608891,-30031.93914505739,403.1046032835833
9180,918.0,-30041.953125,10.00996629780845,-30031.94315870219,403.3363705791276
9190,919.0,-30042.0234375,10.07618872120547,-30031.947248778793,406.0047024305302
9200,920.0,-30041.93359375,9.989377287925764,-30031.944216462074,402.5067677340393
9210,921.0,-30041.865234375,9.921613513726607,-30031.943620861275,399.77632949587905
9220,922.0,-30042.037109375,10.10236816818275,-30031.934741206816,407.05956343739456
9230,923.0,-30041.99609375,10.048589751298755,-30031.9475039987,404.89264390578427
9240,924.0,-30041.841796875,9.904415371726719,-30031.937381503274,399.0833565158943
9250,925.0,-30041.962890625,10.022880486836193,-30031.940010138165,403.85672818837986
9260,926.0,-30042.05078125,10.112092176005172,-30031.938689073995,407.4513775460432
9270,927.0,-30042.001953125,10.069322633078524,-30031.932630491923,405.7280438501906
9280,928.0,-30042.083984375,10.142024652714174,-30031.941959722284,408.6574611790017
9290,929.0,-30042.158203125,10.199830891606524,-30031.958372233392,410.9866756736374
9300,930.0,-30041.9921875,10.051940526640362,-30031.94024697336,405.0276583029062
9310,931.0,-30042.13671875,10.187498091977409,-30031.94922065802,410.4897442661285
9320,932.0,-30042.40625,10.470562025431994,-30031.93568797457,421.8953750309813
9330,933.0,-30042.2265625,10.280498954660413,-30031.94606354534,414.23707260863284
9340,934.0,-30042.306640625,10.361534422509958,-30031.94510620249,417.5022735611848
9350,935.0,-30042.630859375,10.70481503258737,-30031.926044342414,431.3342437436544
9360,936.0,-30042.76953125,10.838525415215987,-30031.931005834784,436.7219002885101
9370,937.0,-30042.57421875,10.630140770500317,-30031.9440779795,428.3253579043024
9380,938.0,-30042.65625,10.70801714536748,-30031.948232854633,431.46326800892064
9390,939.0,-30043.099609375,11.157919276156989,-30031.941690098844,449.59139023728267
9400,940.0,-30042.908203125,10.955825336620208,-30031.95237778838,441.4483222524635
9410,941.0,-30042.4453125,10.500051813982939,-30031.945260686018,423.08362121777304
9420,942.0,-30042.587890625,10.637526721048095,-30031.95036390395,428.6229635503744
9430,943.0,-30042.755859375,10.80569751463224,-30031.950161860368,435.39914995336864
9440,944.0,-30042.345703125,10.40581885366348,-30031.939884271338,419.2866473745645
9450,945.0,-30042.16796875,10.223016826507891,-30031.94495192349,411.92091766340803
9460,946.0,-30042.529296875,10.587529804999374,-30031.941767070002,426.608413844682
9470,947.0,-30042.51171875,10.570696676751151,-30031.94102207325,425.930148538772
9480,948.0,-30042.24609375,10.291429121581057,-30031.954664628418,414.67748706403034
9490,949.0,-30042.42578125,10.473350985870747,-30031.95243026413,422.0077519509018
9500,950.0,-30042.697265625,10.75506508169584,-30031.942200543304,433.3589930610692
9510,951.0,-30042.48828125,10.541949684156865,-30031.946331565843,424.77183218554086
9520,952.0,-30042.26171875,10.317223645932152,-30031.944495104068,415.71683819899505
9530,953.0,-30042.404296875,10.461675456557892,-30031.942621418442,421.5373042513258
9540,954.0,-30042.40234375,10.464744732116886,-30031.93759901788,421.6609760427626
9550,955.0,-30042.23046875,10.287147337900258,-30031.943321412098,414.5049591015939
9560,956.0,-30042.26171875,10.32440251231691,-30031.937316237683,416.0060997036152
9570,957.0,-30042.5234375,10.575851139737562,-30031.947586360264,426.13783978681136
9580,958.0,-30042.58984375,10.648413393599455,-30031.9414303564,429.0616254663001
9590,959.0,-30042.462890625,10.521023675682589,-30031.941866949317,423.9286504946524
9600,960.0,-30042.595703125,10.6461092242462,-30031.949593900754,428.968782465985
9610,961.0,-30042.7890625,10.847583108557021,-30031.941479391444,437.08686626834475
9620,962.0,-30042.865234375,10.924206776098831,-30031.9410275989,440.17430043618424
9630,963.0,-30042.8203125,10.881091811048424,-30031.939220688953,438.4370484811118
9640,964.0,-30042.91015625,10.976927208108759,-30031.93322904189,442.2985900760907
9650,965.0,-30043.11328125,11.18131017663049,-30031.93197107337,450.53389100310693
9660,966.0,-30042.876953125,10.939230339150061,-30031.93772278585,440.7796520641489
9670,967.0,-30042.7265625,10.786428161377431,-30031.940134338623,434.6227206653996
9680,968.0,-30042.791015625,10.85558797713189,-30031.93542764787,437.409410275177
9690,969.0,-30042.48046875,10.551032890064665,-30031.929435859936,425.13782615545836
9700,970.0,-30042.298828125,10.345791903629575,-30031.95303622137,416.8679527013456
9710,971.0,-30042.587890625,10.649754957165896,-30031.938135667835,429.1156817301966
9720,972.0,-30042.544921875,10.600497011536849,-30031.944424863465,427.13090771386914
9730,973.0,-30042.177734375,10.240882350724048,-30031.936852024275,412.6407817949602
9740,974.0,-30042.619140625,10.66811319637657,-30031.951027428622,429.8553990632188
9750,975.0,-30042.857421875,10.920272357768296,-30031.93714951723,440.01576903232467
9760,976.0,-30042.572265625,10.635129923841099,-30031.93713570116,428.52638825154486
9770,977.0,-30042.791015625,10.860811639180984,-30031.93020398582,437.61988979422136
9780,978.0,-30043.18359375,11.2437374169647,-30031.939856333036,453.04930172403857
9790,979.0,-30043.046875,11.105035765285585,-30031.941839234714,447.4605295826346
9800,980.0,-30042.798828125,10.860801435437626,-30031.938026689564,437.6194786498988
9810,981.0,-30043.201171875,11.257171016321731,-30031.94400085868,453.5905881826818
9820,982.0,-30043.390625,11.450903426325272,-30031.939721573675,461.3967410496983
9830,983.0,-30043.201171875,11.257158813010415,-30031.944013061988,453.59009646880895
9840,984.0,-30043.513671875,11.568190553588497,-30031.94548132141,466.12264749319536
9850,985.0,-30043.794921875,11.855432912271278,-30031.93948896273,477.69664154880627
9860,986.0,-30043.828125,11.886640981396972,-30031.941484018604,478.95412323849945
9870,987.0,-30043.80078125,11.861556806867025,-30031.939224443133,477.9433945694032
9880,988.0,-30043.70703125,11.76508977064616,-30031.941941479356,474.05640203493607
9890,989.0,-30043.4921875,11.553022001931875,-30031.939165498068,465.5114537698495
9900,990.0,-30043.369140625,11.4270087982343,-30031.942131826767,460.43394334550817
9910,991.0,-30043.25390625,11.313575583104395,-30031.940330666897,455.8633244310734
9920,992.0,-30042.970703125,11.031222333478592,-30031.93948079152,444.48632959041873
9930,993.0,-30042.970703125,11.025881799769891,-30031.94482132523,444.2711409055683
9940,994.0,-30043.3046875,11.361699555846194,-30031.942987944152,457.80240673425516
9950,995.0,-30043.349609375,11.411341924362482,-30031.938267450638,459.8026704862615
9960,996.0,-30043.091796875,11.139548931648847,-30031.95224794335,448.8511851397066
9970,997.0,-30043.09375,11.146102973497701,-30031.947647026504,449.1152702897755
9980,998.0,-30043.400390625,11.453053929385202,-30031.947336695615,461.48339230039244
9990,999.0,-30043.36328125,11.424671696495627,-30031.938609553505,460.33977338480037
10000,1000.0,-30042.83203125,10.885395224417492,-30031.946636025583,438.61044797894635
